year,month,day,hour,Gucheng,Huairou,Tiantan,Changping,Guanyuan,Nongzhanguan,Wanliu,Dongsi,Wanshouxigong,Aotizhongxin,Dingling,Shunyi
2015,2,27,11.5,1.0,1.0,1,1.0,1.0,1.0,1,1.0,1.0,1.0,1.0,1.0
2013,3,30,11.5,3.0,3.0,3,3.0,3.0,3.0,3,3.0,3.0,3.0,3.0,3.0
2014,1,7,11.5,3.0,3.0,3,3.0,3.0,3.0,3,3.0,3.0,3.0,3.0,3.0
2016,4,5,11.5,3.0,3.0,3,3.0,3.0,3.0,3,3.0,3.0,3.0,3.0,3.0
2014,4,3,11.5,1.0,1.0,1,1.0,1.0,1.0,1,1.0,1.0,1.0,1.0,1.0
2015,4,20,11.5,3.0,3.0,3,2.0,3.0,3.0,3,3.0,3.0,3.0,1.0,3.0
2014,7,11,11.5,2.0,1.0,1,1.0,1.0,1.0,1,1.0,1.0,1.0,0.0,1.0
2017,1,18,11.5,3.0,1.0,2,1.0,2.0,2.0,2,2.0,2.0,2.0,1.0,2.0
2013,9,25,11.5,1.0,1.0,1,0.0,1.0,0.0,1,0.0,0.0,0.0,0.0,0.0
2016,5,5,11.5,3.0,2.0,2,2.0,3.0,2.0,2,3.0,3.0,2.0,3.0,2.0
2014,10,11,11.5,4.0,4.0,4,4.0,4.0,4.0,4,4.0,4.0,4.0,4.0,4.0
2016,4,13,11.5,3.0,3.0,3,3.0,3.0,3.0,3,3.0,3.0,3.0,3.0,4.0
2015,8,2,11.5,3.0,3.0,3,3.0,3.0,3.0,3,3.0,3.0,3.0,2.0,3.0
2013,6,29,11.5,3.0,2.0,3,3.0,3.0,3.0,3,3.0,3.0,3.0,3.0,3.0
2016,8,24,11.5,3.0,3.0,3,3.0,3.0,3.0,3,3.0,3.0,3.0,3.0,3.0
2016,9,25,11.5,4.0,3.0,4,3.0,4.0,4.0,4,4.0,4.0,4.0,3.0,4.0
2016,12,3,11.5,4.0,4.0,4,3.0,4.0,5.0,3,4.0,4.0,4.0,3.0,4.0
2015,9,10,11.5,0.0,0.0,0,0.0,0.0,0.0,0,0.0,0.0,0.0,0.0,0.0
2016,10,13,11.5,4.0,3.0,3,3.0,4.0,4.0,3,4.0,4.0,4.0,3.0,3.0
2013,11,18,11.5,0.0,0.0,0,0.0,0.0,0.0,1,0.0,0.0,0.0,0.0,0.0
2016,3,20,11.5,3.0,3.0,3,2.0,3.0,3.0,3,3.0,3.0,3.0,2.0,3.0
2015,5,16,11.5,2.0,1.0,2,2.0,2.0,2.0,2,3.0,2.0,2.0,1.0,2.0
2014,3,30,11.5,2.0,1.0,2,1.0,1.0,1.0,1,1.0,2.0,2.0,1.0,1.0
2016,7,16,11.5,2.0,1.0,2,1.0,2.0,2.0,2,2.0,2.0,2.0,1.0,1.0
2016,3,18,11.5,4.0,4.0,4,3.0,4.0,4.0,4,4.0,4.0,4.0,4.0,4.0
2016,9,19,11.5,1.0,0.0,0,0.0,1.0,0.0,0,1.0,1.0,0.0,0.0,0.0
2015,6,29,11.5,3.0,3.0,3,3.0,3.0,3.0,3,3.0,3.0,3.0,3.0,3.0
2013,4,4,11.5,3.0,3.0,3,3.0,3.0,3.0,3,3.0,3.0,3.0,3.0,3.0
2014,10,6,11.5,1.0,1.0,1,1.0,1.0,1.0,1,1.0,1.0,1.0,1.0,1.0
2015,4,18,11.5,3.0,3.0,3,3.0,3.0,3.0,3,3.0,3.0,3.0,3.0,3.0
2016,11,22,11.5,0.0,0.0,0,0.0,0.0,0.0,0,0.0,0.0,0.0,0.0,0.0
2015,7,14,11.5,2.0,1.0,2,1.0,2.0,1.0,2,2.0,1.0,2.0,1.0,2.0
2016,6,7,11.5,3.0,2.0,3,3.0,3.0,3.0,2,3.0,3.0,3.0,2.0,3.0
2015,4,24,11.5,2.0,3.0,3,2.0,2.0,2.0,3,2.0,2.0,3.0,2.0,3.0
2016,9,6,11.5,1.0,0.0,1,0.0,1.0,1.0,1,1.0,1.0,1.0,0.0,1.0
2014,7,8,11.5,3.0,4.0,3,3.0,3.0,3.0,3,3.0,3.0,3.0,3.0,3.0
2017,1,23,11.5,1.0,1.0,1,2.0,1.0,2.0,1,2.0,2.0,1.0,1.0,1.0
2013,11,22,11.5,3.0,3.0,4,3.0,3.0,4.0,4,4.0,4.0,3.0,3.0,3.0
2015,7,13,11.5,3.0,2.0,2,2.0,2.0,1.0,3,2.0,2.0,2.0,2.0,2.0
2016,11,23,11.5,1.0,0.0,1,1.0,1.0,1.0,1,1.0,2.0,1.0,0.0,1.0
2014,4,1,11.5,3.0,3.0,3,3.0,3.0,3.0,3,3.0,3.0,3.0,3.0,3.0
2014,1,27,11.5,3.0,3.0,3,3.0,3.0,3.0,3,3.0,3.0,3.0,3.0,3.0
2016,9,18,11.5,1.0,1.0,1,1.0,1.0,1.0,1,1.0,1.0,1.0,1.0,1.0
2014,11,5,11.5,2.0,3.0,3,2.0,3.0,3.0,3,3.0,3.0,3.0,2.0,3.0
2014,8,2,11.5,4.0,3.0,3,3.0,3.0,3.0,4,3.0,3.0,3.0,3.0,3.0
2013,12,30,11.5,2.0,2.0,2,2.0,2.0,2.0,3,2.0,2.0,1.0,2.0,3.0
2013,12,8,11.5,4.0,4.0,4,3.0,4.0,4.0,4,4.0,4.0,4.0,3.0,4.0
2016,4,27,11.5,3.0,3.0,3,3.0,3.0,3.0,3,3.0,3.0,3.0,3.0,3.0
2015,9,9,11.5,1.0,1.0,2,1.0,2.0,2.0,2,2.0,2.0,2.0,1.0,1.0
2016,8,17,11.5,3.0,2.0,3,2.0,3.0,3.0,3,3.0,3.0,3.0,2.0,3.0
2016,12,8,11.5,3.0,3.0,3,3.0,3.0,3.0,3,3.0,3.0,3.0,3.0,3.0
2016,7,11,11.5,3.0,3.0,3,3.0,3.0,3.0,3,3.0,3.0,3.0,3.0,3.0
2013,5,22,11.5,3.0,3.0,3,3.0,3.0,3.0,3,3.0,3.0,3.0,3.0,3.0
2016,11,26,11.5,5.0,4.0,5,4.0,5.0,5.0,5,5.0,5.0,5.0,3.0,4.0
2014,12,27,11.5,4.0,4.0,4,4.0,4.0,4.0,4,4.0,4.0,,4.0,4.0
2015,12,21,11.5,4.0,3.0,4,4.0,5.0,5.0,4,4.0,5.0,4.0,4.0,4.0
2014,9,2,11.5,1.0,1.0,1,1.0,1.0,1.0,1,1.0,1.0,1.0,0.0,
2014,6,13,11.5,2.0,1.0,3,1.0,3.0,3.0,2,3.0,3.0,3.0,1.0,2.0
2016,3,27,11.5,1.0,1.0,1,1.0,1.0,1.0,1,1.0,1.0,1.0,0.0,1.0
2014,4,17,11.5,3.0,3.0,3,3.0,3.0,3.0,3,3.0,3.0,3.0,3.0,3.0
2017,1,14,11.5,1.0,1.0,1,1.0,1.0,1.0,1,1.0,1.0,1.0,1.0,1.0
2013,5,24,11.5,3.0,3.0,3,3.0,3.0,3.0,3,3.0,3.0,3.0,2.0,3.0
2014,12,26,11.5,3.0,3.0,3,3.0,3.0,3.0,3,4.0,4.0,,3.0,3.0
2015,2,26,11.5,0.0,0.0,1,1.0,1.0,1.0,1,1.0,1.0,1.0,0.0,1.0
2014,11,28,11.5,3.0,3.0,3,3.0,3.0,3.0,3,3.0,3.0,3.0,3.0,3.0
2013,10,21,11.5,3.0,3.0,3,3.0,3.0,3.0,3,3.0,3.0,3.0,2.0,3.0
2015,10,16,11.5,4.0,4.0,4,3.0,4.0,4.0,4,4.0,4.0,4.0,3.0,4.0
2016,10,14,11.5,5.0,4.0,4,4.0,4.0,4.0,4,5.0,4.0,4.0,4.0,4.0
2013,4,8,11.5,1.0,1.0,1,1.0,1.0,1.0,1,1.0,3.0,1.0,1.0,1.0
2013,10,24,11.5,1.0,1.0,1,1.0,1.0,1.0,1,1.0,1.0,1.0,1.0,1.0
2015,11,10,11.5,3.0,3.0,3,3.0,3.0,3.0,3,3.0,3.0,3.0,3.0,3.0
2016,8,19,11.5,1.0,1.0,1,1.0,1.0,1.0,1,1.0,1.0,1.0,0.0,1.0
2016,8,6,11.5,3.0,3.0,3,3.0,3.0,3.0,3,3.0,3.0,3.0,3.0,3.0
2015,6,25,11.5,3.0,3.0,3,3.0,3.0,3.0,3,3.0,3.0,3.0,3.0,3.0
2017,1,7,11.5,4.0,3.0,4,4.0,4.0,4.0,4,4.0,4.0,4.0,3.0,4.0
2013,6,2,11.5,4.0,3.0,4,4.0,4.0,4.0,4,4.0,4.0,4.0,4.0,4.0
2014,12,29,11.5,3.0,2.0,4,3.0,3.0,4.0,3,3.0,3.0,,2.0,2.0
2016,6,17,11.5,1.0,1.0,1,1.0,1.0,1.0,1,1.0,1.0,1.0,1.0,1.0
2013,6,26,11.5,4.0,3.0,4,3.0,4.0,4.0,4,4.0,4.0,4.0,3.0,3.0
2013,12,10,11.5,1.0,1.0,1,2.0,1.0,1.0,1,1.0,1.0,1.0,1.0,1.0
2015,8,5,11.5,3.0,2.0,3,2.0,3.0,3.0,3,3.0,3.0,3.0,2.0,3.0
2014,7,19,11.5,3.0,3.0,3,3.0,3.0,3.0,3,3.0,3.0,3.0,3.0,3.0
2014,1,26,11.5,3.0,3.0,2,3.0,2.0,2.0,3,2.0,3.0,2.0,2.0,3.0
2014,3,15,11.5,3.0,3.0,3,3.0,3.0,3.0,3,3.0,3.0,3.0,3.0,3.0
2015,2,8,11.5,1.0,1.0,1,1.0,1.0,1.0,1,1.0,1.0,1.0,1.0,1.0
2016,6,12,11.5,3.0,3.0,3,3.0,3.0,3.0,3,3.0,3.0,3.0,2.0,3.0
2016,12,19,11.5,4.0,3.0,4,4.0,5.0,4.0,4,5.0,5.0,4.0,4.0,4.0
2013,4,1,11.5,3.0,3.0,3,3.0,3.0,3.0,3,3.0,3.0,3.0,3.0,3.0
2016,10,7,11.5,2.0,1.0,2,1.0,2.0,2.0,2,2.0,2.0,2.0,1.0,3.0
2016,12,18,11.5,4.0,3.0,4,4.0,4.0,5.0,4,5.0,5.0,4.0,4.0,4.0
2016,8,7,11.5,1.0,1.0,1,1.0,1.0,1.0,1,1.0,1.0,1.0,1.0,1.0
2015,3,4,11.5,1.0,1.0,1,1.0,1.0,1.0,1,1.0,1.0,1.0,1.0,1.0
2013,7,25,11.5,1.0,1.0,1,1.0,,2.0,2,1.0,1.0,1.0,1.0,1.0
2016,2,22,11.5,3.0,3.0,3,3.0,3.0,3.0,3,3.0,3.0,3.0,3.0,3.0
2014,10,24,11.5,4.0,4.0,4,4.0,4.0,5.0,4,4.0,3.0,4.0,4.0,4.0
2016,7,4,11.5,3.0,3.0,3,3.0,3.0,3.0,3,3.0,3.0,3.0,3.0,3.0
2015,3,23,11.5,2.0,2.0,2,1.0,2.0,2.0,2,2.0,2.0,2.0,1.0,2.0
2013,7,3,11.5,1.0,0.0,1,1.0,1.0,1.0,2,1.0,1.0,1.0,1.0,1.0
2015,12,16,11.5,0.0,0.0,0,0.0,0.0,0.0,0,0.0,0.0,0.0,0.0,0.0
2013,10,18,11.5,4.0,4.0,4,4.0,4.0,4.0,4,4.0,4.0,4.0,4.0,4.0
2015,7,6,11.5,3.0,3.0,3,3.0,3.0,3.0,3,3.0,3.0,3.0,3.0,3.0
2014,6,23,11.5,1.0,1.0,1,1.0,1.0,1.0,1,1.0,1.0,1.0,1.0,1.0
2013,7,18,11.5,3.0,4.0,3,4.0,3.0,4.0,3,4.0,4.0,3.0,3.0,4.0
2015,11,26,11.5,2.0,1.0,1,1.0,1.0,1.0,2,1.0,1.0,1.0,1.0,1.0
2016,10,20,11.5,3.0,3.0,3,3.0,3.0,3.0,3,3.0,3.0,3.0,3.0,3.0
2016,3,14,11.5,3.0,3.0,3,3.0,3.0,3.0,3,3.0,3.0,3.0,2.0,3.0
2015,3,13,11.5,3.0,3.0,3,3.0,3.0,3.0,3,3.0,3.0,3.0,1.0,3.0
2015,7,4,11.5,1.0,2.0,1,2.0,1.0,1.0,1,1.0,1.0,1.0,1.0,1.0
2015,5,24,11.5,3.0,3.0,3,3.0,3.0,3.0,3,3.0,3.0,3.0,3.0,3.0
2016,12,17,11.5,4.0,3.0,4,3.0,4.0,4.0,4,4.0,4.0,4.0,3.0,4.0
2015,9,14,11.5,2.0,3.0,3,2.0,3.0,3.0,3,3.0,3.0,3.0,2.0,3.0
2013,3,5,11.5,3.0,3.0,3,3.0,3.0,3.0,3,4.0,3.0,3.0,3.0,3.0
2013,10,30,11.5,3.0,2.0,3,3.0,3.0,3.0,3,3.0,3.0,3.0,2.0,3.0
2016,8,23,11.5,3.0,3.0,3,3.0,3.0,3.0,3,3.0,3.0,3.0,3.0,3.0
2013,10,4,11.5,3.0,3.0,3,3.0,3.0,3.0,3,3.0,3.0,3.0,3.0,3.0
2015,2,17,11.5,1.0,1.0,1,1.0,1.0,1.0,1,1.0,1.0,1.0,1.0,1.0
2015,6,18,11.5,1.0,0.0,1,0.0,1.0,1.0,1,1.0,1.0,1.0,0.0,1.0
2016,9,7,11.5,2.0,2.0,2,2.0,2.0,2.0,2,2.0,2.0,2.0,1.0,2.0
2015,6,11,11.5,1.0,1.0,1,0.0,1.0,1.0,1,1.0,1.0,0.0,0.0,1.0
2015,11,7,11.5,1.0,1.0,1,2.0,1.0,1.0,1,1.0,1.0,1.0,2.0,0.0
2015,2,19,11.5,5.0,4.0,4,4.0,4.0,4.0,4,4.0,4.0,4.0,4.0,4.0
2013,11,1,11.5,4.0,4.0,4,4.0,4.0,4.0,4,4.0,4.0,4.0,4.0,4.0
2016,4,22,11.5,1.0,2.0,1,1.0,2.0,2.0,1,2.0,1.0,2.0,1.0,2.0
2015,8,21,11.5,1.0,1.0,1,0.0,1.0,1.0,1,1.0,1.0,1.0,0.0,1.0
2015,8,29,11.5,1.0,1.0,1,1.0,1.0,1.0,1,1.0,1.0,1.0,1.0,1.0
2014,6,3,11.5,2.0,2.0,2,1.0,2.0,2.0,2,1.0,2.0,2.0,1.0,2.0
2013,8,13,11.5,3.0,3.0,3,3.0,3.0,3.0,3,3.0,3.0,3.0,3.0,3.0
2013,9,20,11.5,2.0,2.0,2,1.0,2.0,2.0,2,3.0,2.0,2.0,1.0,2.0
2016,8,3,11.5,2.0,1.0,3,1.0,3.0,3.0,2,3.0,3.0,2.0,1.0,2.0
2017,1,26,11.5,3.0,3.0,4,3.0,4.0,4.0,3,4.0,4.0,4.0,3.0,4.0
2013,4,15,11.5,3.0,3.0,3,3.0,3.0,3.0,3,3.0,3.0,3.0,3.0,3.0
2013,9,18,11.5,3.0,3.0,3,3.0,3.0,3.0,3,3.0,3.0,3.0,3.0,3.0
2013,8,1,11.5,2.0,1.0,2,1.0,2.0,2.0,2,2.0,2.0,2.0,1.0,1.0
2014,9,13,11.5,3.0,3.0,3,3.0,3.0,3.0,3,3.0,3.0,3.0,3.0,3.0
2013,8,11,11.5,3.0,4.0,4,3.0,3.0,4.0,3,,3.0,3.0,3.0,4.0
2015,5,15,11.5,1.0,1.0,1,1.0,1.0,1.0,1,1.0,1.0,1.0,1.0,1.0
2016,2,1,11.5,1.0,1.0,0,0.0,1.0,0.0,1,0.0,1.0,1.0,0.0,1.0
2016,1,19,11.5,3.0,1.0,3,2.0,3.0,3.0,3,3.0,3.0,2.0,2.0,2.0
2013,3,23,11.5,2.0,2.0,2,2.0,2.0,2.0,2,2.0,2.0,2.0,2.0,2.0
2015,11,12,11.5,4.0,3.0,4,3.0,4.0,4.0,3,4.0,4.0,4.0,3.0,4.0
2013,3,20,11.5,3.0,2.0,3,1.0,2.0,2.0,2,2.0,2.0,2.0,1.0,2.0
2014,3,10,11.5,3.0,3.0,3,3.0,3.0,3.0,3,3.0,3.0,3.0,3.0,3.0
2016,9,29,11.5,2.0,2.0,2,2.0,2.0,3.0,2,3.0,2.0,2.0,1.0,2.0
2015,1,19,11.5,2.0,2.0,2,2.0,2.0,2.0,2,2.0,2.0,2.0,2.0,2.0
2016,10,2,11.5,4.0,4.0,4,4.0,4.0,4.0,4,4.0,4.0,4.0,4.0,4.0
2014,4,11,11.5,3.0,3.0,3,3.0,3.0,3.0,3,3.0,3.0,3.0,2.0,3.0
2017,2,28,11.5,1.0,1.0,1,1.0,0.0,1.0,0,1.0,0.0,1.0,1.0,1.0
2013,8,23,11.5,2.0,2.0,2,2.0,2.0,3.0,2,3.0,2.0,3.0,1.0,2.0
2015,11,14,11.5,5.0,4.0,5,4.0,5.0,5.0,5,5.0,5.0,5.0,4.0,5.0
2016,11,14,11.5,2.0,2.0,2,2.0,2.0,2.0,2,2.0,2.0,2.0,1.0,2.0
2015,10,11,11.5,1.0,0.0,0,1.0,0.0,0.0,0,0.0,0.0,0.0,0.0,0.0
2013,10,7,11.5,3.0,3.0,3,3.0,3.0,3.0,3,3.0,3.0,3.0,3.0,3.0
2017,2,1,11.5,2.0,1.0,1,1.0,2.0,1.0,2,1.0,2.0,1.0,1.0,1.0
2017,2,24,11.5,1.0,1.0,2,1.0,1.0,1.0,1,1.0,2.0,1.0,1.0,1.0
2016,2,21,11.5,3.0,3.0,3,3.0,3.0,3.0,3,3.0,3.0,3.0,3.0,3.0
2015,1,18,11.5,3.0,3.0,3,3.0,3.0,3.0,3,3.0,3.0,3.0,3.0,3.0
2015,6,30,11.5,0.0,0.0,1,1.0,1.0,1.0,1,1.0,1.0,1.0,0.0,1.0
2017,2,2,11.5,3.0,2.0,3,3.0,3.0,3.0,3,3.0,3.0,3.0,3.0,3.0
2013,7,6,11.5,2.0,2.0,2,2.0,2.0,3.0,2,2.0,2.0,3.0,2.0,3.0
2016,6,27,11.5,3.0,3.0,3,2.0,3.0,3.0,3,3.0,3.0,3.0,2.0,3.0
2013,11,17,11.5,1.0,0.0,0,1.0,0.0,0.0,1,0.0,0.0,0.0,0.0,0.0
2015,2,1,11.5,3.0,2.0,3,3.0,3.0,3.0,3,3.0,3.0,3.0,2.0,3.0
2016,10,16,11.5,3.0,3.0,3,3.0,3.0,3.0,3,3.0,3.0,3.0,3.0,3.0
2016,9,10,11.5,1.0,1.0,1,1.0,1.0,1.0,1,1.0,1.0,1.0,0.0,1.0
2015,12,22,11.5,5.0,4.0,5,4.0,5.0,5.0,5,5.0,5.0,5.0,4.0,4.0
2015,10,23,11.5,3.0,2.0,2,2.0,2.0,2.0,2,2.0,2.0,2.0,2.0,2.0
2014,8,25,11.5,1.0,0.0,1,1.0,1.0,1.0,1,1.0,1.0,1.0,0.0,1.0
2014,10,8,11.5,4.0,4.0,5,4.0,5.0,5.0,5,5.0,5.0,5.0,4.0,4.0
2014,7,24,11.5,3.0,2.0,3,2.0,3.0,3.0,3,3.0,3.0,3.0,2.0,3.0
2016,12,13,11.5,3.0,1.0,2,3.0,2.0,2.0,3,2.0,3.0,2.0,2.0,2.0
2013,11,13,11.5,3.0,3.0,4,3.0,4.0,4.0,4,4.0,4.0,4.0,3.0,3.0
2016,9,9,11.5,1.0,1.0,1,0.0,1.0,1.0,1,1.0,1.0,1.0,1.0,1.0
2015,9,1,11.5,0.0,0.0,0,0.0,1.0,0.0,0,0.0,1.0,0.0,0.0,0.0
2013,3,12,11.5,3.0,3.0,3,3.0,3.0,3.0,3,3.0,3.0,3.0,3.0,3.0
2016,2,2,11.5,2.0,1.0,1,1.0,1.0,1.0,1,1.0,1.0,1.0,0.0,1.0
2014,11,9,11.5,3.0,2.0,2,3.0,3.0,3.0,3,2.0,3.0,3.0,1.0,2.0
2014,7,15,11.5,2.0,2.0,2,2.0,2.0,2.0,2,2.0,2.0,2.0,2.0,2.0
2016,12,28,11.5,3.0,2.0,3,2.0,3.0,3.0,3,3.0,3.0,3.0,2.0,3.0
2015,7,29,11.5,3.0,3.0,3,2.0,3.0,3.0,3,3.0,3.0,3.0,1.0,3.0
2015,7,7,11.5,3.0,3.0,3,3.0,3.0,3.0,3,3.0,3.0,3.0,3.0,3.0
2016,2,10,11.5,3.0,3.0,3,3.0,3.0,3.0,3,3.0,3.0,3.0,3.0,3.0
2014,5,31,11.5,3.0,,3,3.0,3.0,3.0,3,3.0,3.0,3.0,3.0,3.0
2014,9,30,11.5,1.0,1.0,1,1.0,1.0,1.0,1,1.0,1.0,1.0,1.0,1.0
2013,4,14,11.5,3.0,1.0,1,1.0,1.0,1.0,1,1.0,3.0,1.0,1.0,1.0
2015,8,26,11.5,1.0,0.0,0,0.0,1.0,0.0,1,0.0,1.0,0.0,0.0,0.0
2013,8,5,11.5,2.0,2.0,2,2.0,2.0,2.0,2,2.0,2.0,2.0,1.0,2.0
2014,12,3,11.5,1.0,0.0,1,1.0,1.0,1.0,1,1.0,1.0,1.0,0.0,1.0
2015,10,22,11.5,1.0,1.0,1,1.0,1.0,1.0,1,1.0,1.0,1.0,1.0,2.0
2014,7,10,11.5,2.0,1.0,1,1.0,1.0,1.0,1,1.0,1.0,1.0,1.0,1.0
2015,5,26,11.5,3.0,3.0,3,3.0,3.0,3.0,3,3.0,3.0,3.0,3.0,3.0
2013,6,21,11.5,1.0,1.0,3,1.0,2.0,3.0,2,3.0,2.0,2.0,1.0,3.0
2016,5,13,11.5,1.0,1.0,1,1.0,1.0,2.0,1,2.0,2.0,1.0,1.0,1.0
2014,2,9,11.5,0.0,0.0,0,1.0,0.0,0.0,0,0.0,0.0,0.0,0.0,0.0
2014,6,4,11.5,3.0,2.0,2,2.0,2.0,3.0,3,2.0,2.0,3.0,2.0,3.0
2014,5,29,11.5,3.0,2.0,2,1.0,2.0,2.0,2,2.0,2.0,3.0,1.0,2.0
2015,8,27,11.5,0.0,0.0,0,0.0,1.0,0.0,1,0.0,1.0,0.0,0.0,0.0
2017,1,11,11.5,3.0,1.0,3,1.0,3.0,3.0,3,3.0,3.0,2.0,1.0,2.0
2015,4,6,11.5,1.0,1.0,1,1.0,1.0,1.0,1,1.0,1.0,1.0,1.0,1.0
2015,6,17,11.5,3.0,1.0,2,1.0,2.0,2.0,2,2.0,2.0,2.0,1.0,2.0
2014,10,13,11.5,1.0,0.0,0,1.0,1.0,1.0,1,0.0,1.0,1.0,0.0,0.0
2016,7,12,11.5,1.0,2.0,1,1.0,2.0,1.0,1,0.0,1.0,1.0,1.0,2.0
2014,3,19,11.5,2.0,2.0,2,2.0,2.0,2.0,2,2.0,2.0,2.0,2.0,3.0
2014,2,15,11.5,5.0,5.0,5,5.0,5.0,5.0,5,5.0,5.0,5.0,5.0,5.0
2014,12,17,11.5,3.0,2.0,3,3.0,3.0,3.0,3,3.0,3.0,1.0,3.0,3.0
2015,3,12,11.5,3.0,3.0,3,3.0,3.0,3.0,3,3.0,3.0,3.0,2.0,3.0
2015,6,3,11.5,1.0,1.0,1,1.0,1.0,1.0,2,1.0,1.0,2.0,1.0,2.0
2016,4,28,11.5,3.0,3.0,3,3.0,3.0,3.0,3,3.0,3.0,3.0,3.0,3.0
2013,8,14,11.5,3.0,3.0,3,3.0,3.0,3.0,3,3.0,3.0,3.0,3.0,3.0
2015,4,10,11.5,4.0,3.0,4,3.0,4.0,4.0,3,4.0,4.0,4.0,3.0,4.0
2014,9,4,11.5,2.0,1.0,2,2.0,2.0,2.0,2,2.0,2.0,2.0,1.0,2.0
2014,9,12,11.5,3.0,3.0,3,3.0,3.0,3.0,3,3.0,3.0,3.0,3.0,3.0
2016,7,13,11.5,1.0,1.0,1,1.0,1.0,1.0,1,1.0,1.0,1.0,0.0,1.0
2014,6,2,11.5,1.0,,1,1.0,1.0,1.0,1,1.0,1.0,1.0,1.0,1.0
2014,7,27,11.5,3.0,3.0,3,,3.0,3.0,3,3.0,3.0,3.0,3.0,3.0
2014,1,21,11.5,2.0,2.0,2,2.0,2.0,2.0,2,2.0,2.0,2.0,1.0,1.0
2013,6,14,11.5,3.0,3.0,3,3.0,3.0,3.0,3,3.0,3.0,3.0,3.0,3.0
2013,3,4,11.5,1.0,1.0,1,1.0,1.0,1.0,1,1.0,1.0,1.0,1.0,1.0
2014,8,24,11.5,1.0,1.0,1,0.0,1.0,1.0,1,1.0,1.0,1.0,0.0,1.0
2015,6,27,11.5,3.0,3.0,3,3.0,3.0,3.0,3,3.0,3.0,3.0,3.0,3.0
2015,5,31,11.5,3.0,3.0,2,2.0,3.0,3.0,2,3.0,2.0,3.0,2.0,3.0
2016,10,9,11.5,1.0,1.0,1,1.0,1.0,2.0,1,1.0,1.0,1.0,,1.0
2016,2,12,11.5,4.0,3.0,3,3.0,3.0,4.0,3,3.0,4.0,4.0,3.0,4.0
2015,12,28,11.5,3.0,3.0,3,3.0,3.0,3.0,3,3.0,3.0,3.0,3.0,3.0
2016,2,4,11.5,1.0,1.0,0,0.0,0.0,1.0,0,0.0,0.0,0.0,0.0,1.0
2015,6,20,11.5,1.0,1.0,1,1.0,1.0,1.0,1,1.0,1.0,1.0,1.0,1.0
2015,10,15,11.5,3.0,3.0,3,3.0,3.0,3.0,3,3.0,3.0,3.0,3.0,3.0
2014,3,1,11.5,3.0,3.0,3,3.0,3.0,3.0,3,3.0,3.0,3.0,2.0,3.0
2016,7,19,11.5,3.0,3.0,3,3.0,3.0,3.0,3,3.0,3.0,3.0,3.0,3.0
2015,11,1,11.5,3.0,2.0,3,2.0,3.0,3.0,3,3.0,3.0,3.0,1.0,3.0
2017,1,21,11.5,1.0,1.0,1,1.0,1.0,1.0,1,1.0,1.0,1.0,1.0,1.0
2016,7,18,11.5,3.0,3.0,3,3.0,3.0,3.0,3,3.0,3.0,3.0,3.0,3.0
2013,5,5,11.5,4.0,3.0,4,4.0,4.0,4.0,4,4.0,4.0,4.0,3.0,4.0
2016,10,10,11.5,3.0,3.0,3,3.0,3.0,3.0,3,3.0,3.0,3.0,4.0,3.0
2014,6,27,11.5,1.0,0.0,1,0.0,1.0,1.0,1,1.0,1.0,1.0,0.0,1.0
2015,3,2,11.5,2.0,1.0,3,3.0,2.0,3.0,2,3.0,3.0,3.0,1.0,2.0
2014,12,1,11.5,0.0,0.0,0,1.0,1.0,0.0,1,0.0,0.0,1.0,0.0,1.0
2015,4,28,11.5,2.0,2.0,2,2.0,2.0,2.0,2,2.0,2.0,2.0,2.0,2.0
2015,5,12,11.5,1.0,1.0,1,1.0,1.0,1.0,1,1.0,1.0,1.0,1.0,1.0
2016,4,12,11.5,3.0,2.0,3,3.0,3.0,3.0,3,3.0,3.0,3.0,3.0,3.0
2014,1,13,11.5,3.0,2.0,3,3.0,3.0,3.0,3,3.0,4.0,3.0,3.0,3.0
2013,11,29,11.5,3.0,2.0,3,2.0,3.0,2.0,3,3.0,3.0,3.0,1.0,2.0
2015,7,17,11.5,2.0,1.0,2,2.0,2.0,1.0,1,2.0,2.0,2.0,1.0,1.0
2013,11,4,11.5,2.0,1.0,2,2.0,2.0,2.0,2,2.0,2.0,2.0,1.0,1.0
2015,10,12,11.5,1.0,1.0,1,1.0,1.0,1.0,1,1.0,1.0,1.0,0.0,1.0
2015,1,26,11.5,3.0,3.0,3,3.0,3.0,3.0,3,3.0,3.0,3.0,3.0,3.0
2014,11,30,11.5,3.0,3.0,3,3.0,3.0,3.0,3,3.0,3.0,3.0,3.0,3.0
2013,4,3,11.5,3.0,3.0,3,3.0,3.0,3.0,3,3.0,3.0,3.0,3.0,3.0
2015,2,21,11.5,3.0,3.0,4,3.0,4.0,4.0,3,4.0,4.0,3.0,3.0,4.0
2016,11,28,11.5,3.0,1.0,3,2.0,3.0,3.0,3,3.0,3.0,3.0,2.0,2.0
2014,10,21,11.5,2.0,1.0,1,2.0,2.0,2.0,2,1.0,2.0,2.0,2.0,2.0
2014,2,27,11.5,1.0,1.0,1,1.0,1.0,1.0,1,1.0,1.0,1.0,1.0,1.0
2014,9,17,11.5,3.0,3.0,1,3.0,2.0,1.0,2,2.0,2.0,2.0,3.0,3.0
2013,10,27,11.5,4.0,3.0,4,3.0,4.0,4.0,4,4.0,4.0,4.0,3.0,4.0
2015,2,20,11.5,4.0,3.0,3,3.0,3.0,3.0,3,4.0,3.0,3.0,4.0,3.0
2014,6,18,11.5,3.0,2.0,3,2.0,3.0,3.0,3,3.0,3.0,3.0,2.0,2.0
2016,5,3,11.5,1.0,1.0,1,1.0,1.0,1.0,1,2.0,1.0,1.0,2.0,0.0
2016,8,5,11.5,3.0,3.0,3,3.0,3.0,3.0,3,3.0,3.0,3.0,3.0,3.0
2016,12,6,11.5,3.0,2.0,3,3.0,3.0,3.0,3,3.0,3.0,3.0,2.0,3.0
2016,7,20,11.5,1.0,1.0,2,1.0,2.0,2.0,2,2.0,2.0,2.0,1.0,2.0
2015,7,3,11.5,1.0,1.0,1,1.0,1.0,1.0,1,1.0,1.0,1.0,1.0,1.0
2015,5,6,11.5,1.0,1.0,1,1.0,1.0,1.0,1,1.0,1.0,1.0,1.0,1.0
2016,5,11,11.5,4.0,3.0,3,4.0,4.0,3.0,4,4.0,3.0,3.0,3.0,3.0
2014,10,7,11.5,3.0,3.0,3,3.0,3.0,3.0,3,3.0,3.0,3.0,3.0,3.0
2016,7,15,11.5,1.0,1.0,2,1.0,2.0,2.0,2,2.0,2.0,2.0,1.0,2.0
2015,10,30,11.5,2.0,1.0,1,1.0,1.0,1.0,1,1.0,1.0,1.0,1.0,1.0
2016,6,19,11.5,3.0,2.0,3,2.0,3.0,3.0,3,3.0,3.0,3.0,1.0,3.0
2014,2,3,11.5,0.0,0.0,0,0.0,0.0,0.0,0,0.0,0.0,0.0,0.0,0.0
2016,4,10,11.5,2.0,2.0,3,2.0,2.0,2.0,2,3.0,2.0,3.0,3.0,2.0
2016,2,18,11.5,1.0,1.0,1,1.0,1.0,1.0,1,1.0,1.0,1.0,1.0,1.0
2014,8,28,11.5,3.0,3.0,3,3.0,3.0,3.0,3,3.0,3.0,3.0,3.0,3.0
2016,4,9,11.5,3.0,2.0,3,2.0,3.0,3.0,3,3.0,3.0,3.0,2.0,3.0
2015,6,22,11.5,3.0,3.0,3,3.0,3.0,3.0,3,3.0,3.0,3.0,3.0,3.0
2015,12,13,11.5,4.0,3.0,4,3.0,4.0,4.0,4,4.0,4.0,4.0,3.0,4.0
2014,9,1,11.5,3.0,3.0,3,3.0,3.0,3.0,3,3.0,3.0,3.0,3.0,3.0
2015,5,27,11.5,3.0,3.0,3,3.0,3.0,3.0,3,3.0,3.0,3.0,3.0,3.0
2013,5,23,11.5,3.0,3.0,3,3.0,3.0,3.0,3,3.0,3.0,3.0,2.0,3.0
2013,11,19,11.5,2.0,1.0,1,1.0,1.0,1.0,2,2.0,2.0,1.0,1.0,1.0
2016,7,24,11.5,3.0,2.0,3,2.0,3.0,3.0,3,,3.0,3.0,2.0,2.0
2016,3,17,11.5,5.0,5.0,5,5.0,5.0,5.0,5,5.0,5.0,5.0,5.0,5.0
2015,8,3,11.5,3.0,2.0,3,2.0,3.0,3.0,3,3.0,3.0,1.0,2.0,3.0
2015,11,20,11.5,3.0,3.0,3,3.0,3.0,3.0,3,3.0,3.0,3.0,3.0,3.0
2016,8,10,11.5,3.0,3.0,3,3.0,3.0,3.0,3,3.0,3.0,3.0,3.0,3.0
2016,1,20,11.5,3.0,3.0,3,3.0,3.0,3.0,3,3.0,3.0,3.0,3.0,3.0
2014,6,6,11.5,3.0,2.0,3,2.0,3.0,3.0,3,2.0,3.0,3.0,2.0,3.0
2013,3,21,11.5,3.0,3.0,3,3.0,3.0,3.0,3,3.0,3.0,3.0,3.0,3.0
2015,6,26,11.5,3.0,3.0,3,3.0,3.0,3.0,3,3.0,3.0,3.0,3.0,3.0
2014,2,14,11.5,5.0,4.0,5,4.0,5.0,5.0,5,5.0,5.0,5.0,5.0,5.0
2017,1,20,11.5,1.0,1.0,1,1.0,1.0,1.0,1,1.0,1.0,1.0,1.0,1.0
2015,6,8,11.5,1.0,1.0,1,3.0,1.0,1.0,1,1.0,1.0,1.0,1.0,1.0
2015,2,7,11.5,0.0,1.0,1,0.0,1.0,1.0,1,1.0,1.0,0.0,0.0,1.0
2016,6,21,11.5,3.0,3.0,3,3.0,3.0,3.0,3,3.0,3.0,3.0,3.0,3.0
2014,1,2,11.5,3.0,3.0,3,3.0,3.0,3.0,4,3.0,3.0,4.0,3.0,3.0
2015,4,23,11.5,2.0,3.0,3,2.0,2.0,2.0,3,3.0,3.0,2.0,2.0,2.0
2015,12,11,11.5,3.0,1.0,2,2.0,2.0,2.0,2,2.0,2.0,2.0,2.0,2.0
2014,10,27,11.5,1.0,1.0,1,1.0,1.0,1.0,1,1.0,1.0,1.0,1.0,1.0
2016,4,18,11.5,1.0,0.0,1,1.0,1.0,1.0,1,1.0,1.0,1.0,0.0,1.0
2013,3,28,11.5,1.0,1.0,1,1.0,1.0,1.0,1,1.0,1.0,1.0,1.0,1.0
2014,11,17,11.5,1.0,1.0,1,1.0,1.0,1.0,1,1.0,1.0,1.0,1.0,1.0
2013,3,3,11.5,3.0,3.0,3,3.0,3.0,3.0,3,3.0,3.0,3.0,2.0,3.0
2013,3,25,11.5,3.0,3.0,3,3.0,3.0,3.0,3,3.0,3.0,3.0,3.0,3.0
2016,11,20,11.5,3.0,2.0,3,2.0,3.0,3.0,3,3.0,3.0,2.0,3.0,2.0
2015,11,3,11.5,4.0,3.0,3,3.0,3.0,4.0,3,4.0,4.0,4.0,3.0,3.0
2016,4,1,11.5,2.0,2.0,2,1.0,2.0,2.0,1,2.0,1.0,1.0,2.0,3.0
2016,7,21,11.5,1.0,1.0,1,1.0,2.0,1.0,1,1.0,1.0,1.0,1.0,1.0
2014,11,15,11.5,3.0,3.0,3,3.0,3.0,4.0,3,3.0,3.0,3.0,3.0,3.0
2015,6,7,11.5,1.0,0.0,1,1.0,1.0,1.0,1,1.0,1.0,0.0,0.0,1.0
2015,1,30,11.5,0.0,1.0,0,1.0,1.0,0.0,0,1.0,0.0,0.0,0.0,1.0
2013,7,17,11.5,1.0,1.0,2,1.0,2.0,2.0,2,2.0,2.0,2.0,1.0,2.0
2014,9,25,11.5,3.0,3.0,3,3.0,3.0,3.0,3,3.0,3.0,3.0,3.0,3.0
2016,12,26,11.5,2.0,2.0,2,2.0,2.0,2.0,2,2.0,2.0,2.0,2.0,2.0
2016,8,14,11.5,1.0,1.0,1,0.0,1.0,1.0,1,1.0,1.0,1.0,0.0,1.0
2014,9,10,11.5,3.0,3.0,3,3.0,3.0,3.0,3,3.0,3.0,3.0,2.0,3.0
2017,2,15,11.5,4.0,4.0,4,4.0,4.0,4.0,4,4.0,4.0,4.0,4.0,4.0
2013,6,27,11.5,3.0,0.0,3,2.0,3.0,3.0,3,3.0,3.0,3.0,3.0,3.0
2014,4,4,11.5,2.0,2.0,1,1.0,1.0,1.0,1,1.0,1.0,1.0,1.0,1.0
2014,7,7,11.5,4.0,4.0,4,4.0,4.0,3.0,4,4.0,4.0,4.0,4.0,3.0
2016,6,28,11.5,3.0,2.0,3,2.0,3.0,3.0,3,3.0,3.0,3.0,3.0,2.0
2016,1,31,11.5,1.0,1.0,1,1.0,1.0,1.0,0,1.0,1.0,0.0,0.0,1.0
2016,1,6,11.5,2.0,1.0,1,1.0,1.0,1.0,1,1.0,1.0,1.0,1.0,1.0
2016,1,4,11.5,3.0,2.0,2,0.0,1.0,2.0,2,2.0,3.0,2.0,0.0,3.0
2014,1,14,11.5,3.0,2.0,3,3.0,3.0,3.0,3,3.0,3.0,3.0,2.0,3.0
2014,10,10,11.5,5.0,5.0,5,5.0,5.0,5.0,5,5.0,5.0,5.0,5.0,5.0
2015,9,22,11.5,4.0,3.0,3,3.0,3.0,3.0,3,3.0,3.0,3.0,3.0,3.0
2016,8,31,11.5,1.0,1.0,1,0.0,1.0,1.0,1,1.0,1.0,1.0,0.0,1.0
2013,6,5,11.5,3.0,3.0,3,3.0,3.0,3.0,3,,3.0,3.0,3.0,3.0
2014,8,11,11.5,1.0,1.0,1,0.0,2.0,1.0,1,1.0,1.0,1.0,0.0,1.0
2013,11,11,11.5,2.0,2.0,1,1.0,1.0,1.0,2,1.0,1.0,1.0,1.0,2.0
2015,3,19,11.5,3.0,3.0,3,3.0,3.0,3.0,3,3.0,3.0,3.0,3.0,3.0
2013,9,19,11.5,3.0,3.0,3,3.0,3.0,3.0,3,3.0,3.0,3.0,3.0,3.0
2016,3,30,11.5,1.0,1.0,1,1.0,1.0,1.0,1,1.0,1.0,1.0,1.0,1.0
2014,11,3,11.5,1.0,1.0,1,1.0,1.0,1.0,1,1.0,1.0,1.0,1.0,1.0
2016,4,25,11.5,3.0,3.0,3,3.0,3.0,3.0,3,3.0,3.0,3.0,3.0,3.0
2013,3,19,11.5,2.0,1.0,2,2.0,2.0,1.0,2,2.0,2.0,2.0,2.0,1.0
2016,3,31,11.5,4.0,3.0,4,3.0,4.0,4.0,3,4.0,3.0,4.0,3.0,4.0
2016,11,11,11.5,3.0,3.0,3,3.0,3.0,3.0,3,3.0,3.0,3.0,2.0,3.0
2014,7,5,11.5,3.0,4.0,3,3.0,3.0,3.0,3,3.0,3.0,3.0,3.0,4.0
2014,11,19,11.5,4.0,3.0,4,4.0,4.0,5.0,4,4.0,5.0,5.0,4.0,4.0
2013,10,31,11.5,3.0,3.0,3,3.0,3.0,4.0,4,3.0,4.0,3.0,3.0,3.0
2013,11,9,11.5,3.0,3.0,3,3.0,3.0,3.0,3,3.0,3.0,3.0,3.0,3.0
2015,3,28,11.5,3.0,3.0,3,3.0,3.0,3.0,3,3.0,3.0,3.0,3.0,3.0
2016,6,1,11.5,2.0,1.0,2,3.0,1.0,1.0,1,1.0,1.0,1.0,1.0,1.0
2013,11,5,11.5,3.0,3.0,4,3.0,4.0,4.0,4,4.0,4.0,4.0,3.0,3.0
2014,5,20,11.5,3.0,3.0,3,2.0,3.0,3.0,3,3.0,3.0,3.0,2.0,3.0
2016,1,3,11.5,5.0,4.0,4,4.0,5.0,4.0,5,4.0,4.0,5.0,5.0,5.0
2015,8,28,11.5,1.0,1.0,1,1.0,1.0,0.0,1,1.0,1.0,1.0,0.0,1.0
2013,7,29,11.5,2.0,3.0,3,2.0,3.0,3.0,3,3.0,3.0,3.0,2.0,3.0
2014,9,26,11.5,3.0,3.0,3,3.0,3.0,3.0,3,3.0,3.0,3.0,3.0,3.0
2014,1,17,11.5,4.0,4.0,4,3.0,4.0,4.0,4,4.0,4.0,3.0,3.0,3.0
2013,9,3,11.5,3.0,2.0,3,3.0,3.0,3.0,3,3.0,3.0,3.0,3.0,3.0
2016,7,1,11.5,1.0,1.0,1,0.0,1.0,1.0,1,1.0,1.0,1.0,0.0,0.0
2016,1,13,11.5,1.0,1.0,2,1.0,1.0,1.0,1,1.0,2.0,1.0,0.0,1.0
2014,1,10,11.5,3.0,2.0,3,3.0,3.0,3.0,3,3.0,3.0,3.0,2.0,3.0
2015,10,2,11.5,1.0,1.0,1,3.0,1.0,1.0,1,1.0,1.0,1.0,1.0,1.0
2013,5,16,11.5,2.0,2.0,2,2.0,2.0,2.0,3,3.0,2.0,3.0,2.0,2.0
2015,8,15,11.5,1.0,1.0,1,1.0,1.0,1.0,1,1.0,1.0,1.0,1.0,1.0
2016,11,27,11.5,2.0,1.0,2,2.0,3.0,3.0,2,3.0,3.0,3.0,1.0,3.0
2013,5,18,11.5,3.0,3.0,3,3.0,3.0,3.0,3,3.0,3.0,3.0,3.0,3.0
2013,7,23,11.5,2.0,3.0,2,3.0,2.0,2.0,2,2.0,2.0,2.0,3.0,2.0
2015,6,28,11.5,3.0,3.0,3,3.0,3.0,4.0,3,4.0,3.0,4.0,3.0,4.0
2013,6,7,11.5,4.0,3.0,3,3.0,3.0,3.0,4,3.0,3.0,3.0,3.0,3.0
2016,1,14,11.5,3.0,1.0,3,1.0,3.0,3.0,3,3.0,3.0,3.0,1.0,2.0
2016,11,17,11.5,3.0,3.0,3,3.0,3.0,3.0,3,3.0,3.0,3.0,3.0,4.0
2015,4,15,11.5,3.0,3.0,3,3.0,3.0,3.0,3,3.0,3.0,3.0,3.0,3.0
2013,9,11,11.5,2.0,3.0,3,3.0,3.0,3.0,3,3.0,2.0,3.0,2.0,2.0
2014,10,20,11.5,4.0,4.0,4,5.0,4.0,4.0,4,4.0,4.0,4.0,5.0,4.0
2016,7,7,11.5,3.0,3.0,3,3.0,3.0,3.0,3,3.0,3.0,3.0,3.0,3.0
2014,10,28,11.5,3.0,3.0,2,3.0,2.0,3.0,3,3.0,2.0,3.0,3.0,3.0
2016,5,28,11.5,3.0,2.0,2,3.0,2.0,2.0,2,2.0,2.0,2.0,3.0,2.0
2016,4,30,11.5,4.0,3.0,3,3.0,4.0,4.0,4,4.0,4.0,4.0,3.0,4.0
2016,10,1,11.5,4.0,4.0,4,4.0,4.0,4.0,4,4.0,4.0,4.0,4.0,4.0
2015,12,17,11.5,3.0,2.0,3,3.0,3.0,2.0,3,3.0,3.0,2.0,2.0,2.0
2016,3,5,11.5,3.0,2.0,3,2.0,3.0,3.0,3,3.0,3.0,3.0,3.0,2.0
2015,8,25,11.5,0.0,1.0,1,0.0,1.0,1.0,1,1.0,1.0,1.0,0.0,1.0
2015,3,25,11.5,3.0,3.0,3,3.0,3.0,3.0,3,3.0,3.0,3.0,3.0,3.0
2015,2,4,11.5,0.0,1.0,0,1.0,0.0,0.0,0,0.0,0.0,0.0,0.0,1.0
2016,3,16,11.5,5.0,4.0,4,4.0,5.0,4.0,4,5.0,4.0,5.0,4.0,5.0
2013,4,12,11.5,2.0,3.0,2,2.0,2.0,3.0,2,2.0,3.0,2.0,2.0,3.0
2016,11,15,11.5,2.0,1.0,1,2.0,2.0,2.0,2,2.0,1.0,2.0,1.0,2.0
2014,4,22,11.5,3.0,2.0,3,2.0,3.0,3.0,3,3.0,3.0,3.0,2.0,2.0
2013,5,17,11.5,3.0,3.0,3,3.0,3.0,3.0,3,3.0,3.0,3.0,3.0,3.0
2014,7,22,11.5,1.0,1.0,1,0.0,0.0,0.0,1,0.0,0.0,1.0,0.0,0.0
2015,4,26,11.5,3.0,3.0,3,3.0,3.0,3.0,3,3.0,3.0,3.0,3.0,3.0
2013,4,16,11.5,3.0,2.0,3,2.0,3.0,3.0,2,3.0,3.0,3.0,2.0,2.0
2016,5,30,11.5,3.0,3.0,3,3.0,3.0,3.0,3,3.0,3.0,3.0,3.0,3.0
2014,3,23,11.5,3.0,3.0,3,3.0,3.0,3.0,3,3.0,3.0,3.0,3.0,4.0
2013,5,29,11.5,1.0,0.0,1,1.0,1.0,1.0,1,1.0,1.0,1.0,0.0,1.0
2015,4,12,11.5,1.0,0.0,1,0.0,1.0,1.0,1,1.0,0.0,1.0,0.0,0.0
2016,2,20,11.5,1.0,1.0,0,1.0,1.0,1.0,1,1.0,1.0,1.0,1.0,1.0
2014,5,10,11.5,2.0,2.0,2,2.0,2.0,2.0,2,2.0,2.0,3.0,2.0,2.0
2016,10,21,11.5,2.0,1.0,2,2.0,2.0,2.0,2,2.0,2.0,2.0,2.0,2.0
2014,5,27,11.5,2.0,1.0,1,1.0,1.0,1.0,1,1.0,1.0,2.0,1.0,2.0
2014,5,22,11.5,3.0,3.0,3,3.0,3.0,3.0,3,3.0,3.0,4.0,3.0,4.0
2015,7,27,11.5,3.0,3.0,3,3.0,3.0,3.0,3,3.0,3.0,3.0,3.0,3.0
2016,3,28,11.5,3.0,3.0,3,2.0,3.0,3.0,3,3.0,3.0,3.0,2.0,3.0
2014,5,6,11.5,3.0,3.0,3,3.0,3.0,3.0,3,3.0,3.0,3.0,2.0,3.0
2014,1,4,11.5,3.0,3.0,3,3.0,3.0,3.0,3,3.0,3.0,3.0,3.0,3.0
2014,8,12,11.5,1.0,1.0,1,1.0,2.0,1.0,1,1.0,1.0,1.0,1.0,1.0
2015,2,5,11.5,1.0,1.0,1,1.0,1.0,1.0,1,1.0,1.0,1.0,1.0,1.0
2013,12,6,11.5,3.0,3.0,4,3.0,3.0,3.0,3,3.0,4.0,3.0,3.0,3.0
2014,8,21,11.5,3.0,3.0,3,3.0,3.0,3.0,3,3.0,3.0,3.0,3.0,3.0
2013,4,7,11.5,3.0,3.0,3,3.0,3.0,3.0,3,3.0,3.0,3.0,3.0,3.0
2017,2,23,11.5,1.0,0.0,1,1.0,1.0,1.0,1,1.0,1.0,1.0,1.0,1.0
2015,10,14,11.5,3.0,2.0,3,3.0,3.0,3.0,3,3.0,3.0,3.0,3.0,3.0
2016,7,29,11.5,3.0,3.0,3,3.0,3.0,3.0,3,3.0,3.0,3.0,3.0,3.0
2016,10,12,11.5,3.0,3.0,3,3.0,3.0,3.0,3,3.0,3.0,3.0,,3.0
2017,1,22,11.5,1.0,1.0,1,1.0,1.0,1.0,1,1.0,1.0,1.0,1.0,1.0
2015,1,12,11.5,3.0,3.0,3,3.0,3.0,3.0,4,3.0,3.0,3.0,4.0,3.0
2017,2,6,11.5,1.0,1.0,0,1.0,1.0,0.0,1,1.0,0.0,0.0,1.0,0.0
2014,4,23,11.5,3.0,3.0,3,3.0,3.0,3.0,3,3.0,3.0,3.0,3.0,3.0
2014,6,8,11.5,1.0,1.0,1,1.0,1.0,1.0,1,1.0,1.0,1.0,0.0,1.0
2016,8,11,11.5,3.0,3.0,3,3.0,3.0,3.0,3,3.0,3.0,3.0,3.0,3.0
2014,6,14,11.5,2.0,1.0,2,1.0,2.0,2.0,2,2.0,2.0,2.0,1.0,2.0
2015,3,15,11.5,3.0,3.0,3,3.0,3.0,3.0,3,3.0,3.0,3.0,3.0,3.0
2013,4,13,11.5,3.0,2.0,3,2.0,2.0,3.0,2,3.0,3.0,3.0,1.0,3.0
2015,7,5,11.5,3.0,2.0,3,3.0,3.0,3.0,3,3.0,3.0,3.0,3.0,2.0
2014,7,3,11.5,4.0,4.0,4,4.0,4.0,4.0,4,4.0,4.0,4.0,4.0,4.0
2014,10,31,11.5,3.0,3.0,4,3.0,3.0,4.0,4,4.0,4.0,4.0,3.0,4.0
2015,2,24,11.5,4.0,3.0,4,3.0,4.0,4.0,4,4.0,4.0,4.0,3.0,3.0
2016,6,14,11.5,2.0,1.0,2,1.0,2.0,2.0,2,2.0,2.0,2.0,1.0,1.0
2014,11,18,11.5,3.0,2.0,3,3.0,3.0,3.0,3,3.0,3.0,3.0,3.0,2.0
2014,2,23,11.5,4.0,4.0,4,4.0,4.0,4.0,4,4.0,4.0,4.0,5.0,4.0
2013,12,5,11.5,2.0,1.0,2,1.0,2.0,2.0,2,2.0,2.0,2.0,1.0,1.0
2016,6,24,11.5,1.0,0.0,1,0.0,1.0,1.0,1,1.0,1.0,1.0,0.0,1.0
2013,9,30,11.5,4.0,3.0,3,3.0,4.0,3.0,4,3.0,3.0,4.0,3.0,3.0
2015,6,19,11.5,0.0,0.0,1,0.0,1.0,1.0,0,1.0,1.0,1.0,0.0,1.0
2016,5,16,11.5,1.0,1.0,1,1.0,1.0,1.0,1,1.0,2.0,1.0,0.0,1.0
2016,6,15,11.5,1.0,0.0,1,1.0,1.0,1.0,1,1.0,1.0,1.0,1.0,1.0
2013,7,14,11.5,3.0,3.0,3,3.0,3.0,3.0,3,3.0,3.0,3.0,3.0,
2015,7,16,11.5,2.0,1.0,2,2.0,2.0,1.0,2,2.0,2.0,2.0,1.0,1.0
2015,9,6,11.5,1.0,1.0,1,1.0,1.0,1.0,1,1.0,1.0,1.0,0.0,1.0
2014,4,12,11.5,3.0,3.0,3,3.0,3.0,3.0,3,3.0,3.0,3.0,3.0,3.0
2014,9,7,11.5,4.0,4.0,3,4.0,4.0,3.0,3,4.0,3.0,4.0,3.0,4.0
2014,3,25,11.5,4.0,4.0,4,4.0,4.0,4.0,4,4.0,4.0,4.0,4.0,4.0
2016,12,20,11.5,5.0,5.0,5,5.0,5.0,5.0,5,5.0,5.0,5.0,5.0,5.0
2014,5,23,11.5,3.0,3.0,3,3.0,3.0,3.0,3,3.0,3.0,3.0,3.0,3.0
2015,4,5,11.5,3.0,2.0,3,1.0,2.0,3.0,2,3.0,3.0,3.0,1.0,3.0
2013,11,30,11.5,1.0,2.0,1,1.0,1.0,1.0,2,2.0,1.0,1.0,1.0,2.0
2014,5,16,11.5,3.0,1.0,3,2.0,2.0,2.0,3,2.0,2.0,3.0,1.0,2.0
2015,12,8,11.5,5.0,4.0,4,4.0,5.0,5.0,5,4.0,4.0,5.0,4.0,5.0
2016,5,19,11.5,3.0,3.0,3,3.0,3.0,3.0,3,3.0,3.0,3.0,3.0,3.0
2014,11,27,11.5,3.0,2.0,3,3.0,3.0,3.0,3,3.0,3.0,3.0,2.0,2.0
2014,5,18,11.5,3.0,3.0,3,3.0,3.0,3.0,3,3.0,3.0,3.0,3.0,3.0
2014,6,7,11.5,1.0,0.0,0,0.0,0.0,0.0,0,0.0,0.0,1.0,0.0,0.0
2014,1,31,11.5,4.0,3.0,3,3.0,3.0,3.0,4,3.0,4.0,3.0,3.0,4.0
2013,3,15,11.5,4.0,4.0,4,4.0,4.0,4.0,4,4.0,4.0,4.0,4.0,4.0
2016,5,24,11.5,1.0,1.0,1,1.0,1.0,1.0,1,1.0,1.0,1.0,0.0,1.0
2014,1,8,11.5,1.0,1.0,1,1.0,1.0,1.0,1,1.0,1.0,1.0,1.0,1.0
2016,10,31,11.5,0.0,0.0,0,1.0,0.0,0.0,0,0.0,0.0,0.0,0.0,0.0
2014,6,20,11.5,2.0,1.0,2,2.0,2.0,2.0,2,1.0,2.0,2.0,1.0,2.0
2013,7,20,11.5,3.0,2.0,3,2.0,3.0,3.0,3,3.0,3.0,3.0,2.0,3.0
2015,4,3,11.5,1.0,1.0,1,1.0,1.0,1.0,1,1.0,1.0,1.0,1.0,1.0
2016,10,18,11.5,3.0,3.0,3,3.0,3.0,3.0,3,3.0,3.0,3.0,3.0,3.0
2014,8,20,11.5,3.0,3.0,3,3.0,3.0,3.0,3,3.0,3.0,3.0,3.0,3.0
2017,2,27,11.5,3.0,3.0,3,2.0,3.0,3.0,3,3.0,3.0,3.0,2.0,3.0
2013,12,18,11.5,2.0,1.0,2,1.0,2.0,2.0,3,2.0,2.0,1.0,1.0,1.0
2016,4,24,11.5,3.0,3.0,3,3.0,3.0,3.0,3,3.0,3.0,3.0,3.0,3.0
2016,1,7,11.5,1.0,1.0,0,1.0,0.0,0.0,0,0.0,0.0,0.0,0.0,1.0
2013,9,5,11.5,1.0,1.0,1,1.0,1.0,1.0,1,1.0,1.0,1.0,1.0,1.0
2013,10,23,11.5,1.0,1.0,1,1.0,1.0,1.0,2,1.0,1.0,1.0,1.0,1.0
2013,9,9,11.5,3.0,3.0,3,3.0,3.0,3.0,3,3.0,3.0,3.0,3.0,3.0
2015,9,7,11.5,1.0,1.0,1,1.0,1.0,1.0,1,1.0,1.0,1.0,1.0,1.0
2013,12,24,11.5,4.0,3.0,5,3.0,4.0,5.0,5,5.0,5.0,4.0,3.0,4.0
2015,10,28,11.5,0.0,0.0,0,0.0,0.0,0.0,0,0.0,0.0,0.0,0.0,0.0
2014,4,10,11.5,3.0,3.0,3,3.0,3.0,3.0,3,3.0,3.0,3.0,3.0,3.0
2013,3,9,11.5,3.0,2.0,3,3.0,2.0,3.0,3,3.0,3.0,3.0,3.0,3.0
2013,8,7,11.5,1.0,1.0,2,1.0,1.0,2.0,2,2.0,2.0,1.0,1.0,1.0
2016,3,24,11.5,1.0,0.0,0,0.0,1.0,0.0,1,1.0,1.0,1.0,0.0,1.0
2016,5,27,11.5,2.0,2.0,2,2.0,2.0,2.0,2,2.0,2.0,2.0,2.0,2.0
2016,9,13,11.5,3.0,3.0,3,3.0,3.0,3.0,3,3.0,3.0,3.0,3.0,3.0
2015,4,16,11.5,1.0,1.0,1,1.0,1.0,2.0,1,1.0,2.0,2.0,1.0,1.0
2013,11,6,11.5,3.0,3.0,3,3.0,3.0,3.0,3,3.0,3.0,3.0,2.0,3.0
2015,11,11,11.5,3.0,3.0,3,3.0,3.0,3.0,3,3.0,3.0,3.0,3.0,3.0
2015,3,9,11.5,0.0,0.0,0,0.0,0.0,0.0,0,0.0,0.0,0.0,0.0,0.0
2015,2,2,11.5,3.0,3.0,4,3.0,3.0,4.0,3,4.0,4.0,3.0,3.0,3.0
2014,6,11,11.5,3.0,1.0,2,2.0,2.0,2.0,2,2.0,2.0,2.0,1.0,1.0
2015,11,2,11.5,3.0,2.0,3,2.0,3.0,3.0,3,3.0,3.0,3.0,1.0,3.0
2014,7,6,11.5,4.0,4.0,4,4.0,4.0,4.0,4,4.0,4.0,4.0,4.0,4.0
2016,11,1,11.5,2.0,1.0,2,2.0,2.0,2.0,2,2.0,2.0,2.0,1.0,2.0
2015,2,14,11.5,4.0,4.0,5,4.0,4.0,5.0,4,5.0,5.0,4.0,4.0,4.0
2015,9,12,11.5,0.0,0.0,0,0.0,0.0,0.0,0,0.0,0.0,0.0,0.0,0.0
2013,8,9,11.5,2.0,1.0,2,1.0,2.0,2.0,2,3.0,1.0,1.0,1.0,1.0
2016,2,24,11.5,1.0,1.0,1,1.0,1.0,1.0,1,1.0,1.0,1.0,1.0,1.0
2013,12,19,11.5,2.0,1.0,2,3.0,2.0,2.0,3,2.0,2.0,1.0,1.0,1.0
2015,8,22,11.5,1.0,1.0,1,0.0,1.0,1.0,1,1.0,1.0,1.0,0.0,1.0
2017,1,4,11.5,5.0,4.0,5,4.0,5.0,5.0,5,5.0,5.0,5.0,3.0,5.0
2016,7,26,11.5,1.0,1.0,1,1.0,1.0,1.0,1,1.0,2.0,1.0,1.0,1.0
2015,5,22,11.5,3.0,2.0,2,3.0,2.0,2.0,2,2.0,2.0,3.0,2.0,3.0
2016,2,26,11.5,2.0,1.0,1,1.0,1.0,1.0,1,1.0,2.0,1.0,1.0,2.0
2013,11,23,11.5,4.0,3.0,4,3.0,4.0,4.0,4,4.0,4.0,4.0,3.0,3.0
2016,3,8,11.5,0.0,0.0,0,0.0,0.0,0.0,0,0.0,1.0,1.0,0.0,0.0
2013,8,10,11.5,3.0,3.0,3,3.0,3.0,3.0,3,3.0,3.0,3.0,3.0,3.0
2014,7,14,11.5,1.0,1.0,1,1.0,1.0,1.0,1,1.0,1.0,1.0,1.0,1.0
2014,7,17,11.5,3.0,3.0,3,3.0,3.0,3.0,3,4.0,3.0,3.0,3.0,3.0
2016,1,21,11.5,4.0,3.0,3,3.0,3.0,3.0,3,3.0,3.0,3.0,3.0,3.0
2016,12,24,11.5,3.0,3.0,3,3.0,3.0,3.0,3,3.0,3.0,3.0,3.0,3.0
2016,4,21,11.5,3.0,3.0,3,3.0,3.0,3.0,3,3.0,3.0,3.0,3.0,3.0
2013,11,27,11.5,0.0,0.0,0,0.0,0.0,0.0,0,0.0,0.0,0.0,0.0,0.0
2013,11,7,11.5,2.0,1.0,1,1.0,1.0,1.0,2,1.0,2.0,1.0,1.0,1.0
2013,12,26,11.5,0.0,0.0,0,0.0,1.0,0.0,1,0.0,0.0,0.0,0.0,0.0
2015,1,9,11.5,3.0,3.0,3,2.0,3.0,3.0,3,3.0,3.0,3.0,1.0,3.0
2016,11,8,11.5,2.0,1.0,1,1.0,2.0,1.0,2,2.0,2.0,2.0,1.0,1.0
2014,1,9,11.5,1.0,1.0,1,1.0,1.0,1.0,1,1.0,2.0,2.0,1.0,1.0
2016,8,12,11.5,3.0,2.0,3,3.0,3.0,3.0,3,3.0,3.0,3.0,3.0,3.0
2015,9,30,11.5,1.0,1.0,1,1.0,1.0,1.0,1,1.0,1.0,1.0,1.0,1.0
2013,10,15,11.5,1.0,1.0,1,1.0,1.0,1.0,1,1.0,1.0,1.0,1.0,1.0
2013,11,26,11.5,1.0,0.0,1,1.0,1.0,1.0,1,1.0,1.0,1.0,0.0,1.0
2014,3,31,11.5,3.0,3.0,3,3.0,3.0,4.0,3,3.0,3.0,3.0,3.0,4.0
2015,8,23,11.5,1.0,1.0,1,1.0,1.0,1.0,1,1.0,1.0,1.0,1.0,1.0
2014,4,21,11.5,2.0,1.0,2,3.0,2.0,2.0,3,3.0,2.0,3.0,1.0,2.0
2014,9,23,11.5,2.0,2.0,3,1.0,2.0,2.0,2,2.0,3.0,2.0,1.0,2.0
2016,11,12,11.5,3.0,3.0,3,3.0,3.0,3.0,3,3.0,3.0,3.0,3.0,3.0
2015,6,21,11.5,2.0,1.0,2,1.0,2.0,2.0,2,2.0,2.0,2.0,1.0,2.0
2014,7,29,11.5,3.0,4.0,3,3.0,3.0,3.0,3,3.0,3.0,3.0,3.0,4.0
2013,9,23,11.5,1.0,1.0,1,1.0,1.0,2.0,1,2.0,1.0,2.0,1.0,1.0
2015,12,19,11.5,3.0,3.0,3,3.0,3.0,3.0,3,3.0,3.0,3.0,3.0,3.0
2013,6,24,11.5,3.0,4.0,3,2.0,3.0,3.0,3,3.0,3.0,3.0,3.0,4.0
2014,9,6,11.5,4.0,3.0,3,3.0,3.0,3.0,3,3.0,3.0,3.0,3.0,3.0
2014,3,6,11.5,1.0,1.0,1,1.0,1.0,1.0,1,1.0,1.0,1.0,1.0,1.0
2017,2,22,11.5,3.0,3.0,3,3.0,3.0,3.0,3,3.0,3.0,3.0,3.0,3.0
2015,10,20,11.5,3.0,3.0,3,3.0,3.0,3.0,3,3.0,3.0,3.0,3.0,3.0
2014,4,28,11.5,3.0,3.0,3,,2.0,3.0,3,2.0,3.0,,3.0,3.0
2017,2,16,11.5,3.0,3.0,3,3.0,3.0,3.0,3,3.0,3.0,3.0,3.0,3.0
2014,3,2,11.5,3.0,3.0,3,3.0,3.0,3.0,3,3.0,3.0,3.0,3.0,3.0
2015,4,9,11.5,4.0,4.0,4,3.0,4.0,4.0,4,4.0,4.0,4.0,4.0,4.0
2017,2,4,11.5,5.0,4.0,5,4.0,5.0,5.0,4,5.0,5.0,5.0,4.0,5.0
2015,8,1,11.5,2.0,3.0,3,3.0,3.0,3.0,3,3.0,3.0,3.0,2.0,3.0
2013,7,12,11.5,3.0,2.0,3,2.0,3.0,3.0,3,3.0,3.0,3.0,2.0,
2016,10,8,11.5,1.0,0.0,0,0.0,1.0,0.0,0,0.0,0.0,0.0,1.0,1.0
2016,8,25,11.5,1.0,1.0,1,0.0,1.0,1.0,1,1.0,1.0,1.0,0.0,1.0
2014,1,25,11.5,1.0,1.0,1,1.0,1.0,1.0,1,1.0,1.0,1.0,0.0,1.0
2016,12,25,11.5,3.0,3.0,3,3.0,3.0,4.0,3,4.0,4.0,4.0,4.0,3.0
2013,7,24,11.5,1.0,1.0,2,1.0,2.0,2.0,2,2.0,2.0,2.0,1.0,1.0
2014,9,8,11.5,1.0,1.0,1,0.0,1.0,1.0,1,0.0,1.0,1.0,0.0,1.0
2014,8,3,11.5,3.0,3.0,3,3.0,3.0,3.0,3,3.0,3.0,3.0,3.0,3.0
2015,7,1,11.5,1.0,1.0,1,1.0,1.0,1.0,1,1.0,1.0,1.0,0.0,1.0
2015,10,3,11.5,1.0,1.0,1,1.0,1.0,1.0,1,1.0,1.0,1.0,1.0,1.0
2015,1,6,11.5,2.0,1.0,1,1.0,1.0,1.0,1,1.0,2.0,1.0,1.0,3.0
2017,2,13,11.5,3.0,3.0,3,2.0,3.0,3.0,3,3.0,3.0,3.0,2.0,3.0
2014,11,4,11.5,3.0,3.0,3,3.0,3.0,3.0,3,3.0,3.0,3.0,3.0,3.0
2016,3,19,11.5,3.0,2.0,3,2.0,3.0,3.0,3,3.0,3.0,3.0,2.0,3.0
2013,6,20,11.5,3.0,1.0,3,1.0,3.0,3.0,3,3.0,3.0,3.0,1.0,3.0
2015,9,2,11.5,0.0,0.0,0,0.0,1.0,0.0,0,0.0,0.0,0.0,0.0,0.0
2014,3,4,11.5,3.0,3.0,2,2.0,3.0,2.0,3,2.0,3.0,3.0,2.0,3.0
2014,9,3,11.5,1.0,1.0,1,1.0,1.0,1.0,1,0.0,1.0,1.0,1.0,
2016,9,16,11.5,3.0,3.0,3,3.0,3.0,4.0,3,4.0,3.0,3.0,3.0,3.0
2013,10,3,11.5,3.0,2.0,3,2.0,3.0,3.0,3,3.0,3.0,3.0,2.0,2.0
2016,12,5,11.5,3.0,2.0,2,2.0,2.0,2.0,2,2.0,2.0,2.0,2.0,3.0
2014,11,13,11.5,1.0,1.0,1,1.0,1.0,1.0,1,1.0,1.0,1.0,0.0,1.0
2016,5,18,11.5,3.0,3.0,2,3.0,3.0,3.0,3,3.0,3.0,3.0,2.0,3.0
2015,7,24,11.5,2.0,2.0,3,2.0,3.0,2.0,2,3.0,3.0,3.0,2.0,3.0
2016,3,26,11.5,1.0,0.0,1,0.0,1.0,1.0,1,1.0,0.0,0.0,0.0,1.0
2016,3,1,11.5,3.0,3.0,3,3.0,3.0,3.0,3,3.0,3.0,3.0,3.0,3.0
2013,8,28,11.5,3.0,3.0,3,3.0,3.0,3.0,3,3.0,3.0,3.0,3.0,3.0
2014,8,15,11.5,1.0,1.0,2,1.0,1.0,2.0,1,2.0,1.0,2.0,1.0,2.0
2015,3,29,11.5,3.0,3.0,3,3.0,3.0,3.0,3,3.0,3.0,3.0,3.0,3.0
2015,4,11,11.5,3.0,3.0,4,3.0,3.0,4.0,3,4.0,3.0,3.0,3.0,3.0
2016,1,12,11.5,1.0,1.0,1,1.0,1.0,1.0,1,1.0,1.0,1.0,0.0,0.0
2016,3,2,11.5,4.0,3.0,4,3.0,4.0,4.0,4,4.0,4.0,4.0,3.0,4.0
2015,8,30,11.5,1.0,1.0,1,1.0,1.0,1.0,1,1.0,1.0,1.0,1.0,1.0
2014,4,26,11.5,2.0,1.0,1,3.0,2.0,1.0,1,1.0,1.0,3.0,1.0,1.0
2016,10,23,11.5,1.0,1.0,1,1.0,1.0,1.0,1,1.0,1.0,1.0,1.0,1.0
2013,6,17,11.5,2.0,1.0,2,3.0,2.0,2.0,3,2.0,2.0,2.0,2.0,1.0
2016,1,5,11.5,2.0,1.0,2,1.0,2.0,1.0,2,2.0,2.0,1.0,0.0,1.0
2015,4,29,11.5,3.0,3.0,3,3.0,3.0,3.0,3,3.0,3.0,3.0,3.0,3.0
2013,5,27,11.5,3.0,1.0,3,2.0,3.0,3.0,3,3.0,3.0,3.0,2.0,2.0
2016,11,19,11.5,4.0,3.0,3,3.0,3.0,3.0,3,3.0,3.0,3.0,3.0,3.0
2015,9,3,11.5,1.0,1.0,1,1.0,1.0,1.0,1,1.0,1.0,1.0,0.0,1.0
2014,1,18,11.5,3.0,3.0,3,3.0,3.0,3.0,3,3.0,3.0,3.0,2.0,3.0
2015,1,10,11.5,3.0,3.0,4,3.0,4.0,4.0,4,4.0,5.0,3.0,1.0,3.0
2015,1,14,11.5,4.0,4.0,4,4.0,4.0,5.0,4,4.0,4.0,4.0,4.0,4.0
2013,6,19,11.5,3.0,1.0,2,2.0,2.0,2.0,3,2.0,2.0,2.0,1.0,2.0
2014,3,12,11.5,0.0,0.0,1,0.0,1.0,1.0,0,1.0,1.0,0.0,0.0,0.0
2013,10,13,11.5,3.0,1.0,3,2.0,2.0,2.0,3,2.0,3.0,2.0,1.0,2.0
2013,6,3,11.5,4.0,3.0,3,3.0,3.0,3.0,4,3.0,3.0,3.0,3.0,3.0
2016,4,17,11.5,2.0,1.0,1,1.0,1.0,0.0,1,1.0,0.0,0.0,0.0,0.0
2014,6,22,11.5,1.0,1.0,2,1.0,2.0,1.0,1,1.0,1.0,1.0,1.0,1.0
2016,5,4,11.5,1.0,2.0,1,1.0,1.0,2.0,1,1.0,1.0,1.0,3.0,1.0
2013,10,8,11.5,3.0,2.0,2,2.0,3.0,3.0,3,3.0,2.0,3.0,1.0,2.0
2014,4,6,11.5,3.0,2.0,2,2.0,3.0,3.0,3,3.0,3.0,3.0,1.0,2.0
2013,4,28,11.5,3.0,3.0,3,3.0,3.0,3.0,3,3.0,3.0,3.0,3.0,3.0
2015,12,31,11.5,3.0,2.0,3,3.0,3.0,3.0,3,3.0,3.0,3.0,2.0,3.0
2013,4,6,11.5,1.0,1.0,0,1.0,0.0,0.0,1,0.0,0.0,0.0,0.0,1.0
2015,6,23,11.5,4.0,4.0,4,4.0,4.0,4.0,4,4.0,4.0,4.0,3.0,4.0
2016,2,8,11.5,3.0,3.0,4,3.0,4.0,4.0,4,4.0,5.0,4.0,3.0,4.0
2013,11,15,11.5,3.0,3.0,3,3.0,3.0,3.0,3,3.0,3.0,3.0,3.0,3.0
2014,8,18,11.5,3.0,2.0,3,3.0,3.0,3.0,3,3.0,3.0,3.0,2.0,2.0
2015,4,14,11.5,3.0,2.0,3,2.0,3.0,3.0,3,3.0,3.0,3.0,1.0,2.0
2014,5,9,11.5,3.0,2.0,3,3.0,3.0,3.0,3,3.0,3.0,3.0,2.0,3.0
2013,5,25,11.5,3.0,2.0,3,3.0,2.0,3.0,3,3.0,3.0,3.0,3.0,3.0
2014,12,4,11.5,0.0,0.0,0,0.0,0.0,0.0,0,0.0,0.0,0.0,0.0,0.0
2016,4,29,11.5,3.0,3.0,3,3.0,3.0,3.0,3,3.0,3.0,3.0,3.0,3.0
2013,6,23,11.5,2.0,1.0,3,1.0,2.0,3.0,2,3.0,3.0,3.0,1.0,2.0
2013,5,14,11.5,3.0,,2,3.0,2.0,2.0,3,3.0,2.0,2.0,1.0,3.0
2015,6,10,11.5,3.0,2.0,3,3.0,3.0,3.0,3,3.0,3.0,2.0,3.0,3.0
2015,8,18,11.5,2.0,2.0,2,2.0,2.0,2.0,2,2.0,2.0,2.0,3.0,2.0
2014,2,11,11.5,3.0,3.0,3,3.0,3.0,3.0,3,3.0,3.0,3.0,3.0,3.0
2014,11,10,11.5,3.0,2.0,3,3.0,3.0,3.0,3,3.0,3.0,3.0,2.0,2.0
2014,4,18,11.5,4.0,3.0,3,4.0,3.0,3.0,4,3.0,3.0,3.0,3.0,3.0
2014,8,29,11.5,3.0,3.0,3,3.0,3.0,3.0,3,3.0,3.0,3.0,3.0,3.0
2014,11,23,11.5,3.0,3.0,3,3.0,3.0,3.0,3,3.0,3.0,3.0,3.0,3.0
2016,12,23,11.5,2.0,1.0,1,1.0,1.0,1.0,1,2.0,1.0,1.0,1.0,1.0
2016,9,12,11.5,2.0,1.0,1,1.0,1.0,2.0,2,1.0,2.0,1.0,1.0,1.0
2016,12,2,11.5,3.0,2.0,3,3.0,3.0,3.0,3,3.0,3.0,3.0,3.0,3.0
2015,5,3,11.5,1.0,2.0,1,1.0,2.0,2.0,2,2.0,1.0,2.0,1.0,2.0
2015,12,29,11.5,5.0,4.0,5,4.0,5.0,5.0,4,5.0,5.0,5.0,4.0,4.0
2015,8,31,11.5,1.0,1.0,1,1.0,1.0,1.0,1,1.0,1.0,1.0,1.0,1.0
2013,8,20,11.5,3.0,3.0,3,3.0,3.0,3.0,3,3.0,3.0,3.0,3.0,3.0
2013,4,9,11.5,1.0,0.0,0,0.0,1.0,1.0,0,0.0,1.0,0.0,0.0,0.0
2014,2,1,11.5,3.0,3.0,3,3.0,3.0,3.0,3,3.0,3.0,3.0,4.0,4.0
2014,6,25,11.5,3.0,3.0,3,3.0,3.0,3.0,3,3.0,3.0,3.0,3.0,3.0
2013,6,9,11.5,0.0,2.0,2,2.0,2.0,2.0,3,2.0,2.0,2.0,1.0,2.0
2013,12,21,11.5,3.0,1.0,3,3.0,3.0,3.0,3,3.0,3.0,3.0,2.0,1.0
2014,2,17,11.5,3.0,4.0,3,3.0,3.0,3.0,3,3.0,3.0,3.0,3.0,3.0
2013,9,29,11.5,4.0,4.0,4,4.0,4.0,4.0,4,4.0,3.0,4.0,4.0,4.0
2015,5,20,11.5,1.0,1.0,1,1.0,1.0,1.0,1,1.0,1.0,1.0,1.0,1.0
2015,2,6,11.5,3.0,2.0,3,2.0,3.0,3.0,3,3.0,3.0,3.0,1.0,3.0
2017,1,19,11.5,2.0,1.0,2,2.0,2.0,2.0,2,2.0,2.0,2.0,1.0,3.0
2015,3,10,11.5,2.0,1.0,1,1.0,2.0,1.0,1,2.0,2.0,1.0,1.0,1.0
2015,9,4,11.5,2.0,1.0,3,2.0,3.0,2.0,2,3.0,3.0,2.0,1.0,1.0
2015,2,12,11.5,2.0,1.0,1,2.0,1.0,2.0,1,1.0,1.0,1.0,1.0,1.0
2014,4,29,11.5,3.0,3.0,3,3.0,3.0,3.0,3,3.0,3.0,3.0,3.0,3.0
2016,11,3,11.5,4.0,4.0,4,3.0,4.0,4.0,4,4.0,4.0,4.0,3.0,4.0
2017,2,8,11.5,1.0,1.0,1,1.0,1.0,2.0,1,2.0,1.0,2.0,1.0,1.0
2015,7,2,11.5,0.0,0.0,0,0.0,1.0,0.0,0,0.0,0.0,0.0,0.0,0.0
2015,1,11,11.5,3.0,1.0,2,2.0,2.0,1.0,2,1.0,2.0,1.0,2.0,1.0
2016,6,20,11.5,3.0,3.0,3,3.0,3.0,3.0,3,3.0,3.0,3.0,3.0,3.0
2014,10,1,11.5,3.0,2.0,3,3.0,3.0,3.0,3,3.0,3.0,3.0,3.0,3.0
2016,9,21,11.5,3.0,2.0,3,2.0,3.0,3.0,3,3.0,3.0,3.0,3.0,2.0
2013,4,22,11.5,4.0,4.0,4,4.0,4.0,3.0,4,4.0,4.0,4.0,4.0,3.0
2015,2,15,11.5,5.0,4.0,5,5.0,5.0,5.0,5,5.0,5.0,5.0,5.0,5.0
2013,4,24,11.5,3.0,2.0,3,3.0,3.0,3.0,3,3.0,3.0,3.0,3.0,3.0
2015,8,10,11.5,2.0,1.0,2,1.0,2.0,2.0,2,2.0,2.0,2.0,1.0,2.0
2014,10,15,11.5,2.0,1.0,2,1.0,3.0,3.0,2,2.0,2.0,2.0,1.0,2.0
2014,8,7,11.5,3.0,2.0,3,2.0,3.0,3.0,3,3.0,3.0,3.0,2.0,2.0
2013,3,14,11.5,3.0,3.0,3,3.0,3.0,3.0,3,3.0,3.0,3.0,3.0,3.0
2013,8,30,11.5,0.0,0.0,0,0.0,0.0,0.0,0,0.0,0.0,0.0,0.0,0.0
2015,5,18,11.5,2.0,1.0,3,2.0,3.0,3.0,2,3.0,3.0,3.0,1.0,3.0
2014,12,12,11.5,1.0,0.0,0,1.0,0.0,0.0,0,0.0,1.0,0.0,0.0,1.0
2015,1,3,11.5,3.0,3.0,4,3.0,3.0,4.0,3,4.0,4.0,4.0,4.0,3.0
2015,12,25,11.5,5.0,5.0,5,5.0,,,5,,,,5.0,5.0
2016,2,5,11.5,0.0,0.0,0,0.0,0.0,0.0,0,0.0,0.0,1.0,0.0,0.0
2013,7,16,11.5,1.0,1.0,1,1.0,1.0,1.0,1,1.0,1.0,1.0,0.0,
2016,1,18,11.5,0.0,0.0,0,0.0,0.0,0.0,0,0.0,0.0,0.0,0.0,1.0
2016,9,15,11.5,3.0,3.0,3,2.0,3.0,3.0,3,3.0,3.0,3.0,1.0,3.0
2014,4,20,11.5,3.0,3.0,3,3.0,3.0,3.0,3,3.0,3.0,3.0,1.0,2.0
2017,1,30,11.5,1.0,1.0,1,1.0,1.0,1.0,1,1.0,1.0,1.0,1.0,1.0
2017,1,12,11.5,3.0,1.0,2,1.0,2.0,2.0,2,2.0,2.0,2.0,1.0,2.0
2013,7,2,11.5,1.0,0.0,1,1.0,1.0,1.0,1,1.0,1.0,1.0,1.0,1.0
2015,4,25,11.5,3.0,3.0,3,3.0,3.0,3.0,3,3.0,3.0,3.0,3.0,3.0
2013,7,22,11.5,3.0,3.0,3,3.0,3.0,3.0,3,3.0,3.0,3.0,3.0,3.0
2013,7,30,11.5,3.0,3.0,3,3.0,3.0,3.0,3,3.0,3.0,3.0,3.0,3.0
2013,9,6,11.5,3.0,3.0,3,3.0,3.0,3.0,3,3.0,3.0,3.0,3.0,2.0
2015,7,12,11.5,3.0,3.0,3,3.0,3.0,3.0,3,3.0,3.0,3.0,3.0,3.0
2014,4,13,11.5,5.0,4.0,4,4.0,4.0,4.0,4,4.0,4.0,4.0,3.0,4.0
2014,2,18,11.5,3.0,3.0,3,3.0,3.0,3.0,3,3.0,3.0,3.0,3.0,3.0
2015,12,27,11.5,2.0,2.0,2,2.0,2.0,2.0,2,2.0,2.0,2.0,3.0,2.0
2015,1,17,11.5,3.0,2.0,3,2.0,3.0,3.0,3,3.0,3.0,3.0,2.0,2.0
2014,12,7,11.5,2.0,3.0,2,2.0,2.0,2.0,3,2.0,2.0,2.0,2.0,3.0
2016,3,29,11.5,1.0,0.0,1,0.0,1.0,1.0,1,1.0,1.0,1.0,0.0,1.0
2015,4,13,11.5,1.0,1.0,1,1.0,1.0,1.0,1,1.0,1.0,1.0,1.0,1.0
2014,1,12,11.5,1.0,1.0,1,1.0,1.0,1.0,1,1.0,1.0,1.0,1.0,1.0
2014,8,19,11.5,3.0,3.0,3,3.0,3.0,3.0,3,3.0,3.0,3.0,3.0,3.0
2017,1,28,11.5,5.0,4.0,5,5.0,5.0,5.0,5,5.0,5.0,5.0,4.0,5.0
2016,10,11,11.5,3.0,3.0,3,3.0,3.0,3.0,3,3.0,3.0,3.0,,3.0
2013,12,20,11.5,2.0,2.0,1,2.0,1.0,1.0,3,1.0,1.0,2.0,1.0,1.0
2016,8,27,11.5,0.0,1.0,1,0.0,1.0,1.0,1,1.0,1.0,1.0,0.0,1.0
2014,1,19,11.5,3.0,3.0,3,3.0,3.0,3.0,3,3.0,3.0,3.0,3.0,3.0
2014,12,18,11.5,3.0,3.0,3,3.0,3.0,3.0,3,3.0,3.0,,3.0,3.0
2014,6,16,11.5,3.0,3.0,3,3.0,3.0,3.0,3,3.0,3.0,3.0,3.0,3.0
2013,7,27,11.5,3.0,3.0,3,3.0,3.0,3.0,3,3.0,3.0,3.0,3.0,3.0
2017,2,5,11.5,0.0,1.0,1,1.0,0.0,0.0,1,1.0,0.0,0.0,1.0,1.0
2016,5,22,11.5,2.0,2.0,2,2.0,2.0,2.0,2,2.0,2.0,2.0,2.0,2.0
2014,9,5,11.5,3.0,3.0,3,3.0,3.0,3.0,3,3.0,3.0,3.0,3.0,3.0
2015,10,1,11.5,1.0,0.0,1,1.0,1.0,1.0,0,1.0,1.0,1.0,0.0,1.0
2016,4,2,11.5,0.0,0.0,0,0.0,0.0,0.0,0,0.0,0.0,0.0,0.0,1.0
2016,5,8,11.5,3.0,2.0,2,3.0,3.0,3.0,2,3.0,3.0,3.0,2.0,2.0
2014,1,24,11.5,4.0,3.0,3,4.0,4.0,3.0,4,3.0,3.0,4.0,3.0,3.0
2015,3,24,11.5,3.0,3.0,3,3.0,3.0,3.0,3,3.0,3.0,3.0,3.0,3.0
2015,4,1,11.5,3.0,2.0,2,3.0,2.0,3.0,2,3.0,2.0,2.0,3.0,3.0
2017,1,6,11.5,4.0,4.0,4,4.0,4.0,4.0,4,4.0,4.0,4.0,4.0,4.0
2013,3,29,11.5,3.0,2.0,3,2.0,3.0,3.0,3,3.0,3.0,3.0,2.0,3.0
2013,7,28,11.5,3.0,2.0,3,1.0,3.0,3.0,3,3.0,3.0,3.0,1.0,2.0
2013,6,22,11.5,2.0,1.0,2,1.0,2.0,2.0,3,2.0,2.0,2.0,1.0,2.0
2014,9,29,11.5,3.0,2.0,3,2.0,3.0,2.0,3,3.0,3.0,3.0,2.0,2.0
2015,2,23,11.5,3.0,2.0,3,2.0,3.0,2.0,3,3.0,3.0,2.0,2.0,2.0
2015,5,4,11.5,1.0,1.0,1,1.0,1.0,1.0,1,1.0,1.0,1.0,1.0,1.0
2016,11,4,11.5,5.0,4.0,4,4.0,5.0,5.0,5,5.0,4.0,4.0,4.0,4.0
2014,3,26,11.5,5.0,5.0,5,4.0,5.0,5.0,5,5.0,5.0,5.0,4.0,5.0
2014,12,23,11.5,3.0,2.0,3,3.0,3.0,3.0,3,3.0,3.0,,2.0,2.0
2013,10,1,11.5,3.0,2.0,3,3.0,3.0,3.0,3,3.0,3.0,3.0,,2.0
2014,4,5,11.5,1.0,1.0,1,1.0,1.0,1.0,1,1.0,1.0,1.0,1.0,1.0
2016,11,21,11.5,0.0,0.0,0,0.0,0.0,0.0,0,1.0,0.0,0.0,0.0,0.0
2013,3,2,11.5,2.0,1.0,1,1.0,1.0,1.0,1,1.0,1.0,1.0,1.0,1.0
2015,9,23,11.5,2.0,1.0,1,1.0,1.0,1.0,1,1.0,1.0,1.0,1.0,1.0
2014,4,9,11.5,3.0,3.0,3,4.0,3.0,3.0,3,3.0,3.0,3.0,3.0,3.0
2014,10,30,11.5,3.0,3.0,3,4.0,3.0,4.0,4,3.0,4.0,4.0,4.0,3.0
2016,1,26,11.5,2.0,1.0,1,1.0,1.0,1.0,1,1.0,2.0,1.0,1.0,1.0
2017,1,3,11.5,5.0,4.0,5,4.0,5.0,5.0,5,5.0,5.0,5.0,4.0,5.0
2015,5,17,11.5,3.0,3.0,3,3.0,3.0,3.0,3,3.0,3.0,3.0,3.0,3.0
2015,9,27,11.5,3.0,2.0,2,2.0,3.0,2.0,2,3.0,2.0,3.0,1.0,2.0
2016,10,26,11.5,2.0,1.0,2,2.0,2.0,2.0,2,2.0,2.0,2.0,1.0,2.0
2013,9,21,11.5,1.0,2.0,2,1.0,2.0,2.0,2,2.0,2.0,2.0,1.0,2.0
2016,7,6,11.5,3.0,3.0,3,3.0,3.0,3.0,3,3.0,3.0,3.0,3.0,3.0
2015,1,23,11.5,4.0,4.0,4,4.0,4.0,4.0,4,4.0,4.0,4.0,4.0,4.0
2016,4,19,11.5,3.0,3.0,3,3.0,3.0,3.0,3,3.0,3.0,3.0,3.0,3.0
2014,3,29,11.5,2.0,2.0,2,1.0,2.0,2.0,2,2.0,2.0,2.0,1.0,3.0
2014,10,18,11.5,4.0,3.0,4,3.0,4.0,4.0,4,4.0,4.0,4.0,3.0,4.0
2014,12,21,11.5,1.0,0.0,1,1.0,1.0,1.0,1,0.0,1.0,,1.0,1.0
2014,10,4,11.5,3.0,3.0,3,3.0,3.0,3.0,3,3.0,3.0,3.0,3.0,3.0
2015,8,19,11.5,2.0,2.0,2,2.0,3.0,2.0,2,3.0,2.0,3.0,2.0,2.0
2014,2,25,11.5,5.0,5.0,5,5.0,5.0,5.0,5,5.0,5.0,5.0,5.0,5.0
2013,6,15,11.5,3.0,3.0,3,3.0,3.0,3.0,3,3.0,3.0,3.0,3.0,3.0
2014,6,19,11.5,3.0,3.0,3,3.0,3.0,3.0,3,3.0,3.0,3.0,3.0,3.0
2016,9,30,11.5,3.0,3.0,3,3.0,3.0,3.0,3,3.0,3.0,3.0,3.0,3.0
2014,12,6,11.5,2.0,2.0,3,3.0,2.0,3.0,3,2.0,3.0,3.0,2.0,2.0
2014,12,14,11.5,3.0,3.0,3,3.0,3.0,3.0,3,3.0,3.0,3.0,3.0,3.0
2014,6,15,11.5,3.0,3.0,3,3.0,3.0,3.0,3,3.0,3.0,3.0,3.0,3.0
2016,11,13,11.5,3.0,3.0,3,3.0,3.0,3.0,3,3.0,3.0,3.0,3.0,3.0
2017,2,10,11.5,0.0,0.0,0,0.0,0.0,0.0,0,1.0,0.0,0.0,0.0,0.0
2016,11,7,11.5,2.0,2.0,2,1.0,2.0,2.0,2,2.0,2.0,2.0,1.0,2.0
2017,1,25,11.5,4.0,3.0,4,4.0,4.0,4.0,4,4.0,4.0,4.0,4.0,4.0
2016,11,18,11.5,4.0,4.0,4,4.0,4.0,4.0,4,4.0,4.0,4.0,4.0,4.0
2016,2,6,11.5,1.0,1.0,2,1.0,1.0,1.0,1,1.0,2.0,1.0,1.0,1.0
2016,6,6,11.5,3.0,3.0,3,3.0,3.0,3.0,3,3.0,3.0,3.0,3.0,3.0
2013,6,6,11.5,4.0,3.0,3,3.0,3.0,3.0,4,3.0,3.0,3.0,3.0,3.0
2014,11,26,11.5,5.0,4.0,4,4.0,4.0,5.0,4,4.0,5.0,5.0,4.0,4.0
2016,2,23,11.5,0.0,1.0,0,1.0,0.0,0.0,0,0.0,0.0,1.0,0.0,0.0
2015,9,13,11.5,1.0,1.0,1,1.0,1.0,1.0,1,1.0,1.0,1.0,0.0,1.0
2013,5,7,11.5,3.0,,4,3.0,4.0,4.0,4,4.0,4.0,4.0,3.0,4.0
2014,10,17,11.5,3.0,3.0,3,3.0,3.0,3.0,3,3.0,3.0,3.0,3.0,3.0
2015,3,14,11.5,3.0,3.0,3,3.0,3.0,3.0,3,3.0,3.0,3.0,3.0,3.0
2013,12,7,11.5,4.0,4.0,5,4.0,5.0,5.0,5,5.0,5.0,5.0,4.0,4.0
2014,9,15,11.5,1.0,1.0,1,1.0,1.0,1.0,1,1.0,1.0,1.0,0.0,1.0
2013,12,15,11.5,3.0,2.0,2,3.0,2.0,2.0,3,2.0,2.0,2.0,2.0,2.0
2015,3,21,11.5,1.0,1.0,1,1.0,1.0,1.0,1,1.0,1.0,1.0,1.0,1.0
2015,1,16,11.5,3.0,3.0,3,3.0,3.0,3.0,3,3.0,3.0,3.0,3.0,4.0
2015,11,29,11.5,5.0,4.0,5,4.0,5.0,4.0,5,5.0,5.0,5.0,3.0,4.0
2014,5,19,11.5,3.0,3.0,3,3.0,3.0,3.0,3,3.0,3.0,3.0,3.0,3.0
2013,6,30,11.5,4.0,3.0,4,4.0,4.0,4.0,5,4.0,4.0,4.0,4.0,4.0
2013,10,10,11.5,3.0,3.0,3,3.0,3.0,3.0,3,3.0,3.0,3.0,3.0,3.0
2016,12,21,11.5,5.0,5.0,5,5.0,5.0,5.0,5,5.0,5.0,5.0,5.0,5.0
2016,5,25,11.5,1.0,0.0,1,1.0,1.0,0.0,0,0.0,1.0,0.0,0.0,1.0
2014,2,26,11.5,5.0,5.0,5,5.0,5.0,5.0,5,5.0,5.0,5.0,4.0,5.0
2017,2,7,11.5,3.0,3.0,3,3.0,3.0,3.0,3,3.0,3.0,3.0,3.0,3.0
2016,12,15,11.5,1.0,1.0,1,1.0,1.0,1.0,1,1.0,1.0,1.0,1.0,1.0
2013,8,18,11.5,1.0,0.0,0,0.0,1.0,1.0,1,1.0,0.0,1.0,0.0,0.0
2014,5,7,11.5,3.0,2.0,3,2.0,3.0,3.0,3,3.0,1.0,3.0,2.0,3.0
2013,6,11,11.5,1.0,2.0,3,0.0,3.0,3.0,3,3.0,3.0,3.0,3.0,3.0
2015,12,1,11.5,,5.0,5,5.0,,5.0,5,,5.0,5.0,5.0,
2014,3,8,11.5,3.0,3.0,3,3.0,3.0,4.0,3,3.0,3.0,3.0,3.0,3.0
2013,11,24,11.5,2.0,2.0,3,2.0,3.0,3.0,3,3.0,3.0,3.0,2.0,2.0
2014,4,7,11.5,3.0,3.0,3,3.0,3.0,3.0,3,3.0,3.0,3.0,3.0,3.0
2014,4,2,11.5,3.0,3.0,3,3.0,3.0,3.0,3,3.0,3.0,3.0,3.0,3.0
2015,11,27,11.5,5.0,4.0,5,3.0,4.0,4.0,4,4.0,5.0,4.0,3.0,4.0
2015,10,10,11.5,0.0,0.0,0,1.0,0.0,0.0,0,0.0,0.0,0.0,0.0,0.0
2016,7,5,11.5,3.0,3.0,3,3.0,3.0,3.0,3,3.0,3.0,3.0,3.0,3.0
2016,2,29,11.5,2.0,1.0,1,1.0,1.0,1.0,1,1.0,1.0,1.0,1.0,1.0
2014,5,13,11.5,3.0,1.0,1,2.0,2.0,2.0,2,3.0,2.0,3.0,2.0,3.0
2016,11,25,11.5,4.0,3.0,4,3.0,4.0,4.0,4,4.0,4.0,4.0,3.0,3.0
2015,12,12,11.5,3.0,3.0,4,3.0,3.0,4.0,3,3.0,4.0,3.0,3.0,3.0
2014,4,27,11.5,3.0,2.0,2,,2.0,2.0,2,3.0,2.0,,3.0,2.0
2013,7,15,11.5,2.0,1.0,2,1.0,2.0,3.0,2,2.0,2.0,2.0,1.0,
2015,10,17,11.5,5.0,5.0,5,4.0,5.0,5.0,5,5.0,5.0,5.0,4.0,5.0
2013,3,16,11.5,4.0,4.0,4,4.0,4.0,4.0,4,4.0,4.0,4.0,4.0,4.0
2013,12,16,11.5,3.0,3.0,3,3.0,3.0,4.0,3,3.0,3.0,3.0,3.0,3.0
2015,7,18,11.5,2.0,2.0,2,2.0,3.0,2.0,2,3.0,2.0,2.0,2.0,2.0
2014,10,22,11.5,3.0,3.0,3,3.0,3.0,3.0,3,3.0,3.0,3.0,3.0,3.0
2015,12,26,11.5,5.0,5.0,4,5.0,5.0,5.0,5,5.0,5.0,5.0,5.0,5.0
2013,9,15,11.5,1.0,1.0,1,1.0,1.0,1.0,1,1.0,1.0,1.0,1.0,1.0
2013,7,13,11.5,3.0,3.0,3,3.0,3.0,3.0,3,3.0,3.0,3.0,3.0,
2014,7,26,11.5,3.0,3.0,3,,3.0,3.0,3,3.0,3.0,3.0,3.0,3.0
2015,11,13,11.5,5.0,4.0,4,4.0,4.0,4.0,4,4.0,4.0,4.0,4.0,4.0
2017,2,14,11.5,4.0,4.0,4,4.0,4.0,4.0,4,4.0,4.0,4.0,4.0,4.0
2015,12,23,11.5,5.0,4.0,5,4.0,5.0,5.0,5,5.0,5.0,4.0,4.0,4.0
2013,11,3,11.5,1.0,3.0,3,2.0,3.0,2.0,2,3.0,2.0,2.0,1.0,3.0
2013,11,28,11.5,1.0,1.0,1,0.0,1.0,1.0,1,1.0,1.0,1.0,0.0,0.0
2014,3,13,11.5,1.0,1.0,1,1.0,1.0,1.0,1,1.0,1.0,1.0,1.0,1.0
2013,7,19,11.5,3.0,4.0,3,3.0,3.0,4.0,3,3.0,3.0,3.0,3.0,3.0
2013,9,17,11.5,3.0,3.0,3,3.0,3.0,3.0,3,3.0,3.0,3.0,3.0,3.0
2013,12,28,11.5,1.0,1.0,1,1.0,1.0,1.0,1,1.0,1.0,1.0,1.0,1.0
2013,9,4,11.5,3.0,3.0,3,2.0,3.0,3.0,3,3.0,3.0,3.0,2.0,3.0
2017,2,19,11.5,3.0,3.0,3,3.0,3.0,3.0,3,3.0,3.0,3.0,3.0,3.0
2013,5,12,11.5,1.0,,1,2.0,,1.0,2,3.0,2.0,2.0,1.0,1.0
2015,4,21,11.5,3.0,3.0,3,3.0,2.0,3.0,2,3.0,2.0,2.0,2.0,3.0
2016,6,3,11.5,3.0,3.0,3,3.0,3.0,3.0,3,3.0,3.0,3.0,3.0,3.0
2016,8,22,11.5,3.0,3.0,2,2.0,2.0,2.0,2,2.0,2.0,2.0,3.0,3.0
2014,11,8,11.5,3.0,2.0,3,3.0,3.0,3.0,3,3.0,3.0,3.0,3.0,3.0
2014,11,2,11.5,1.0,0.0,0,0.0,0.0,0.0,0,0.0,0.0,0.0,0.0,0.0
2014,9,20,11.5,3.0,3.0,3,3.0,3.0,3.0,3,3.0,3.0,3.0,3.0,3.0
2015,5,7,11.5,2.0,2.0,2,2.0,2.0,2.0,2,2.0,2.0,2.0,1.0,3.0
2014,10,29,11.5,3.0,3.0,3,3.0,3.0,3.0,3,3.0,3.0,3.0,3.0,3.0
2015,9,21,11.5,3.0,3.0,3,3.0,3.0,3.0,3,3.0,3.0,3.0,3.0,3.0
2016,5,17,11.5,3.0,2.0,3,2.0,3.0,3.0,2,3.0,3.0,3.0,2.0,3.0
2013,8,25,11.5,1.0,1.0,2,1.0,2.0,2.0,2,2.0,1.0,2.0,1.0,1.0
2014,5,11,11.5,1.0,1.0,1,1.0,1.0,1.0,1,1.0,1.0,1.0,1.0,1.0
2015,5,23,11.5,3.0,3.0,3,3.0,3.0,3.0,3,3.0,3.0,3.0,3.0,3.0
2016,9,4,11.5,3.0,3.0,3,3.0,3.0,3.0,3,3.0,3.0,3.0,3.0,3.0
2016,8,20,11.5,3.0,1.0,3,2.0,3.0,3.0,2,3.0,3.0,3.0,2.0,2.0
2015,9,15,11.5,3.0,3.0,3,3.0,3.0,3.0,3,3.0,3.0,3.0,3.0,3.0
2016,5,14,11.5,2.0,2.0,2,2.0,2.0,2.0,2,2.0,2.0,2.0,1.0,2.0
2013,12,2,11.5,3.0,3.0,3,4.0,3.0,3.0,3,3.0,3.0,3.0,3.0,3.0
2015,10,18,11.5,2.0,2.0,3,1.0,2.0,3.0,2,3.0,3.0,3.0,1.0,3.0
2015,11,30,11.5,5.0,4.0,5,4.0,5.0,5.0,5,5.0,5.0,5.0,3.0,5.0
2016,11,2,11.5,3.0,3.0,3,3.0,3.0,3.0,3,3.0,3.0,3.0,2.0,3.0
2014,9,28,11.5,3.0,2.0,3,3.0,3.0,3.0,3,3.0,3.0,3.0,2.0,2.0
2014,12,13,11.5,2.0,2.0,2,1.0,2.0,2.0,2,1.0,2.0,2.0,1.0,2.0
2015,6,4,11.5,3.0,2.0,3,1.0,2.0,2.0,2,3.0,2.0,2.0,1.0,3.0
2013,5,15,11.5,3.0,2.0,2,2.0,2.0,3.0,3,3.0,3.0,3.0,2.0,3.0
2014,3,20,11.5,1.0,0.0,1,0.0,1.0,0.0,0,0.0,0.0,0.0,0.0,0.0
2015,1,21,11.5,1.0,1.0,1,1.0,1.0,1.0,1,1.0,1.0,1.0,1.0,2.0
2014,6,9,11.5,1.0,1.0,1,1.0,1.0,1.0,1,1.0,1.0,1.0,1.0,1.0
2014,5,12,11.5,1.0,1.0,1,1.0,1.0,2.0,2,2.0,1.0,2.0,1.0,2.0
2017,1,24,11.5,3.0,2.0,3,3.0,3.0,3.0,3,3.0,3.0,3.0,3.0,3.0
2013,9,26,11.5,2.0,2.0,2,2.0,2.0,2.0,2,2.0,1.0,2.0,1.0,2.0
2015,11,16,11.5,3.0,3.0,2,3.0,2.0,3.0,2,2.0,2.0,3.0,3.0,3.0
2014,7,4,11.5,4.0,4.0,4,4.0,4.0,4.0,4,4.0,4.0,4.0,4.0,4.0
2014,6,1,11.5,2.0,,2,2.0,2.0,2.0,2,2.0,2.0,2.0,1.0,2.0
2016,1,9,11.5,3.0,2.0,3,3.0,3.0,3.0,3,3.0,3.0,3.0,2.0,2.0
2014,2,19,11.5,3.0,3.0,3,2.0,3.0,3.0,3,3.0,3.0,3.0,2.0,3.0
2016,2,14,11.5,0.0,0.0,0,0.0,0.0,0.0,0,0.0,0.0,0.0,0.0,0.0
2014,4,25,11.5,3.0,3.0,3,4.0,3.0,3.0,3,3.0,3.0,3.0,3.0,3.0
2014,3,27,11.5,5.0,4.0,4,5.0,4.0,4.0,5,5.0,4.0,4.0,5.0,4.0
2015,11,22,11.5,3.0,2.0,2,2.0,2.0,2.0,2,2.0,2.0,2.0,3.0,3.0
2015,2,11,11.5,2.0,1.0,2,1.0,2.0,3.0,2,3.0,2.0,2.0,1.0,2.0
2014,10,3,11.5,3.0,2.0,3,3.0,3.0,3.0,3,3.0,3.0,3.0,3.0,3.0
2017,1,16,11.5,3.0,3.0,3,3.0,3.0,3.0,3,3.0,3.0,3.0,3.0,3.0
2014,8,30,11.5,3.0,3.0,3,3.0,3.0,3.0,3,4.0,3.0,3.0,3.0,3.0
2016,9,27,11.5,1.0,1.0,1,1.0,1.0,1.0,1,1.0,1.0,1.0,1.0,1.0
2016,10,5,11.5,3.0,2.0,3,2.0,3.0,3.0,2,3.0,3.0,3.0,2.0,3.0
2013,4,17,11.5,3.0,2.0,2,2.0,2.0,2.0,2,2.0,3.0,2.0,2.0,2.0
2015,5,11,11.5,1.0,1.0,1,1.0,1.0,1.0,1,1.0,1.0,1.0,0.0,1.0
2014,4,24,11.5,3.0,3.0,3,3.0,3.0,3.0,3,3.0,3.0,3.0,3.0,3.0
2013,12,9,11.5,1.0,1.0,0,1.0,0.0,1.0,1,1.0,1.0,0.0,0.0,0.0
2015,7,9,11.5,3.0,3.0,3,3.0,3.0,3.0,3,3.0,3.0,3.0,3.0,3.0
2014,4,14,11.5,4.0,4.0,4,4.0,4.0,4.0,4,4.0,4.0,4.0,5.0,4.0
2015,1,28,11.5,2.0,1.0,1,2.0,1.0,2.0,1,1.0,2.0,1.0,1.0,2.0
2013,5,3,11.5,3.0,2.0,3,3.0,3.0,3.0,3,3.0,3.0,3.0,3.0,3.0
2014,12,31,11.5,0.0,0.0,0,0.0,0.0,0.0,0,0.0,0.0,0.0,0.0,0.0
2016,7,14,11.5,2.0,1.0,1,1.0,1.0,2.0,2,1.0,1.0,2.0,1.0,2.0
2017,1,13,11.5,1.0,1.0,1,1.0,1.0,1.0,0,1.0,1.0,1.0,1.0,0.0
2013,9,10,11.5,2.0,3.0,2,2.0,2.0,2.0,2,3.0,2.0,2.0,1.0,3.0
2016,7,23,11.5,3.0,3.0,3,3.0,,3.0,4,3.0,3.0,3.0,3.0,3.0
2014,5,5,11.5,1.0,1.0,1,1.0,1.0,3.0,1,1.0,1.0,2.0,1.0,1.0
2015,5,19,11.5,0.0,0.0,0,1.0,0.0,1.0,0,1.0,0.0,1.0,0.0,1.0
2016,3,3,11.5,5.0,4.0,5,4.0,5.0,5.0,5,5.0,5.0,5.0,5.0,5.0
2013,6,28,11.5,5.0,4.0,5,4.0,5.0,5.0,5,5.0,5.0,5.0,4.0,5.0
2015,5,29,11.5,2.0,3.0,3,2.0,3.0,3.0,3,3.0,3.0,3.0,1.0,3.0
2015,5,13,11.5,2.0,2.0,3,2.0,3.0,3.0,3,3.0,2.0,3.0,1.0,3.0
2014,2,24,11.5,5.0,5.0,4,4.0,5.0,5.0,5,5.0,5.0,4.0,5.0,5.0
2013,4,25,11.5,1.0,0.0,1,0.0,1.0,0.0,1,1.0,0.0,1.0,0.0,0.0
2016,7,8,11.5,3.0,3.0,3,3.0,3.0,3.0,3,3.0,3.0,3.0,3.0,3.0
2016,4,7,11.5,3.0,3.0,3,2.0,3.0,3.0,3,3.0,3.0,3.0,2.0,3.0
2014,10,23,11.5,3.0,3.0,3,3.0,3.0,3.0,3,3.0,3.0,3.0,3.0,3.0
2015,11,9,11.5,3.0,3.0,3,3.0,3.0,3.0,3,3.0,3.0,3.0,3.0,3.0
2016,5,6,11.5,2.0,3.0,3,2.0,3.0,2.0,3,3.0,3.0,3.0,3.0,3.0
2015,10,27,11.5,1.0,1.0,1,1.0,1.0,1.0,0,1.0,1.0,1.0,0.0,1.0
2014,7,25,11.5,3.0,2.0,3,2.0,3.0,3.0,3,3.0,3.0,3.0,2.0,3.0
2014,2,2,11.5,3.0,3.0,3,3.0,3.0,3.0,3,3.0,3.0,3.0,3.0,3.0
2014,9,14,11.5,2.0,1.0,2,1.0,2.0,2.0,2,2.0,2.0,2.0,1.0,2.0
2014,7,30,11.5,3.0,3.0,3,3.0,3.0,3.0,3,3.0,3.0,3.0,3.0,3.0
2014,1,30,11.5,3.0,3.0,3,3.0,3.0,3.0,3,3.0,3.0,3.0,2.0,3.0
2014,3,28,11.5,3.0,3.0,3,3.0,3.0,3.0,3,3.0,3.0,3.0,3.0,3.0
2013,5,1,11.5,2.0,1.0,1,3.0,1.0,1.0,2,2.0,2.0,1.0,,1.0
2016,6,10,11.5,2.0,2.0,3,2.0,3.0,3.0,2,3.0,3.0,2.0,1.0,3.0
2016,3,13,11.5,1.0,2.0,1,1.0,1.0,1.0,1,1.0,1.0,1.0,1.0,3.0
2013,5,13,11.5,3.0,,3,3.0,3.0,3.0,3,3.0,3.0,3.0,3.0,3.0
2016,2,17,11.5,2.0,2.0,2,1.0,2.0,2.0,2,2.0,2.0,2.0,1.0,2.0
2016,10,22,11.5,1.0,1.0,1,1.0,1.0,1.0,1,1.0,1.0,1.0,0.0,0.0
2017,2,3,11.5,4.0,3.0,4,3.0,4.0,4.0,4,4.0,4.0,4.0,3.0,4.0
2014,1,20,11.5,0.0,0.0,0,0.0,0.0,0.0,0,0.0,0.0,0.0,0.0,0.0
2016,4,20,11.5,3.0,2.0,3,3.0,3.0,3.0,3,3.0,3.0,3.0,3.0,2.0
2014,11,6,11.5,1.0,0.0,0,0.0,0.0,0.0,0,0.0,0.0,0.0,0.0,1.0
2016,4,11,11.5,2.0,2.0,2,1.0,2.0,2.0,1,2.0,2.0,2.0,2.0,2.0
2014,12,28,11.5,3.0,3.0,4,3.0,3.0,4.0,3,3.0,3.0,,3.0,3.0
2015,1,20,11.5,3.0,3.0,3,3.0,3.0,3.0,3,3.0,3.0,3.0,3.0,3.0
2014,1,1,11.5,2.0,2.0,2,2.0,2.0,2.0,3,3.0,3.0,2.0,1.0,2.0
2014,12,25,11.5,2.0,2.0,1,1.0,1.0,1.0,1,1.0,1.0,,1.0,1.0
2014,3,14,11.5,1.0,1.0,1,1.0,1.0,1.0,1,1.0,1.0,1.0,1.0,1.0
2015,10,6,11.5,5.0,4.0,5,,5.0,5.0,5,5.0,5.0,5.0,4.0,5.0
2016,1,30,11.5,3.0,2.0,2,1.0,2.0,2.0,3,2.0,2.0,2.0,1.0,3.0
2016,11,16,11.5,3.0,3.0,3,3.0,3.0,3.0,3,3.0,3.0,3.0,3.0,3.0
2016,5,10,11.5,2.0,2.0,1,1.0,2.0,2.0,2,3.0,2.0,2.0,1.0,1.0
2014,4,15,11.5,3.0,3.0,2,3.0,3.0,2.0,3,3.0,2.0,3.0,3.0,3.0
2016,10,6,11.5,3.0,3.0,3,3.0,3.0,3.0,3,3.0,3.0,3.0,3.0,3.0
2016,1,22,11.5,1.0,1.0,1,0.0,1.0,1.0,1,1.0,1.0,1.0,0.0,1.0
2016,12,30,11.5,4.0,3.0,5,3.0,4.0,5.0,4,5.0,5.0,4.0,3.0,4.0
2015,7,23,11.5,1.0,2.0,2,1.0,2.0,2.0,2,2.0,2.0,2.0,1.0,3.0
2016,10,17,11.5,3.0,2.0,3,2.0,3.0,3.0,3,3.0,3.0,3.0,1.0,3.0
2013,7,7,11.5,3.0,3.0,3,3.0,3.0,3.0,3,3.0,3.0,3.0,3.0,3.0
2014,6,21,11.5,3.0,3.0,3,3.0,3.0,3.0,3,3.0,3.0,3.0,3.0,3.0
2015,8,14,11.5,2.0,3.0,3,2.0,3.0,2.0,3,3.0,3.0,3.0,2.0,3.0
2016,12,7,11.5,3.0,3.0,3,3.0,3.0,3.0,3,3.0,4.0,3.0,3.0,3.0
2015,6,1,11.5,3.0,3.0,3,3.0,3.0,3.0,3,3.0,3.0,3.0,3.0,3.0
2016,5,21,11.5,3.0,2.0,3,3.0,3.0,3.0,3,3.0,3.0,3.0,3.0,2.0
2015,11,21,11.5,2.0,2.0,2,2.0,2.0,2.0,1,2.0,2.0,2.0,2.0,3.0
2016,2,9,11.5,2.0,2.0,2,2.0,2.0,2.0,1,2.0,2.0,2.0,2.0,2.0
2013,9,16,11.5,2.0,2.0,2,2.0,2.0,2.0,3,2.0,2.0,2.0,2.0,2.0
2016,8,18,11.5,3.0,3.0,3,3.0,3.0,3.0,3,3.0,3.0,3.0,2.0,3.0
2013,8,19,11.5,1.0,1.0,1,1.0,1.0,1.0,1,1.0,1.0,1.0,1.0,1.0
2013,10,17,11.5,3.0,3.0,3,3.0,3.0,4.0,3,4.0,4.0,3.0,3.0,3.0
2014,12,8,11.5,3.0,1.0,2,2.0,2.0,3.0,3,2.0,3.0,3.0,3.0,2.0
2014,10,19,11.5,4.0,4.0,4,5.0,4.0,5.0,5,4.0,4.0,5.0,5.0,4.0
2013,11,25,11.5,1.0,0.0,1,1.0,1.0,1.0,1,1.0,1.0,1.0,0.0,1.0
2013,10,29,11.5,2.0,3.0,2,1.0,2.0,2.0,2,2.0,2.0,2.0,1.0,3.0
2016,6,2,11.5,3.0,2.0,2,3.0,2.0,2.0,2,2.0,2.0,2.0,2.0,2.0
2015,8,24,11.5,1.0,1.0,1,0.0,1.0,0.0,1,1.0,0.0,1.0,0.0,1.0
2015,10,4,11.5,3.0,3.0,3,,3.0,3.0,3,3.0,3.0,3.0,3.0,3.0
2014,11,11,11.5,1.0,1.0,2,1.0,2.0,2.0,1,1.0,2.0,2.0,1.0,2.0
2014,12,19,11.5,1.0,2.0,2,1.0,1.0,2.0,1,1.0,1.0,,1.0,2.0
2015,7,26,11.5,3.0,3.0,3,3.0,3.0,3.0,3,3.0,3.0,3.0,3.0,3.0
2014,12,10,11.5,3.0,3.0,3,3.0,3.0,4.0,3,3.0,3.0,3.0,3.0,4.0
2014,8,5,11.5,1.0,1.0,1,1.0,1.0,1.0,1,1.0,1.0,1.0,1.0,1.0
2013,7,31,11.5,2.0,2.0,2,1.0,2.0,2.0,2,3.0,2.0,2.0,1.0,2.0
2016,2,7,11.5,3.0,1.0,2,1.0,2.0,2.0,1,2.0,2.0,2.0,1.0,3.0
2016,5,23,11.5,3.0,3.0,3,3.0,3.0,3.0,3,3.0,3.0,3.0,3.0,3.0
2015,12,4,11.5,1.0,1.0,1,1.0,1.0,1.0,1,1.0,2.0,1.0,1.0,1.0
2016,7,25,11.5,2.0,1.0,2,1.0,2.0,2.0,3,1.0,2.0,2.0,1.0,1.0
2016,1,28,11.5,3.0,3.0,3,3.0,3.0,4.0,3,3.0,3.0,3.0,3.0,3.0
2016,6,4,11.5,3.0,3.0,3,3.0,3.0,3.0,3,3.0,3.0,3.0,3.0,3.0
2015,12,2,11.5,0.0,2.0,1,0.0,0.0,0.0,0,0.0,1.0,0.0,0.0,2.0
2015,4,7,11.5,1.0,1.0,1,1.0,1.0,1.0,1,1.0,1.0,1.0,1.0,1.0
2015,2,22,11.5,1.0,2.0,2,2.0,2.0,2.0,2,2.0,2.0,2.0,3.0,2.0
2014,2,12,11.5,3.0,3.0,3,3.0,3.0,3.0,3,3.0,3.0,3.0,3.0,3.0
2014,2,4,11.5,2.0,1.0,1,1.0,1.0,1.0,1,1.0,1.0,1.0,1.0,1.0
2013,9,1,11.5,2.0,1.0,2,1.0,2.0,2.0,2,2.0,2.0,2.0,1.0,1.0
2013,7,1,11.5,4.0,3.0,4,4.0,3.0,4.0,4,4.0,4.0,4.0,4.0,4.0
2015,2,25,11.5,3.0,3.0,3,3.0,3.0,3.0,3,3.0,3.0,3.0,3.0,3.0
2015,11,25,11.5,3.0,1.0,2,2.0,3.0,2.0,3,2.0,3.0,3.0,2.0,2.0
2013,4,11,11.5,1.0,1.0,1,1.0,1.0,1.0,1,1.0,2.0,1.0,0.0,1.0
2013,9,24,11.5,0.0,0.0,0,0.0,1.0,0.0,1,1.0,0.0,0.0,0.0,0.0
2015,1,24,11.5,3.0,3.0,3,4.0,3.0,3.0,3,3.0,3.0,3.0,3.0,3.0
2016,5,29,11.5,2.0,1.0,2,1.0,1.0,1.0,1,2.0,1.0,1.0,1.0,1.0
2014,5,24,11.5,3.0,3.0,3,3.0,3.0,3.0,3,3.0,3.0,3.0,2.0,3.0
2016,1,11,11.5,0.0,0.0,0,1.0,0.0,0.0,0,0.0,0.0,0.0,0.0,0.0
2015,1,1,11.5,2.0,1.0,2,1.0,2.0,2.0,1,1.0,1.0,2.0,2.0,1.0
2014,11,25,11.5,4.0,3.0,3,3.0,3.0,4.0,4,3.0,4.0,4.0,3.0,3.0
2013,8,17,11.5,1.0,2.0,2,1.0,2.0,2.0,2,2.0,1.0,2.0,1.0,2.0
2014,11,12,11.5,0.0,0.0,0,0.0,0.0,0.0,0,0.0,0.0,0.0,0.0,0.0
2013,4,29,11.5,1.0,1.0,1,1.0,1.0,0.0,1,1.0,1.0,1.0,0.0,1.0
2016,7,3,11.5,3.0,2.0,3,3.0,3.0,3.0,3,3.0,3.0,3.0,3.0,3.0
2014,8,27,11.5,2.0,2.0,2,2.0,2.0,2.0,2,2.0,3.0,2.0,1.0,2.0
2015,12,3,11.5,0.0,0.0,0,1.0,0.0,0.0,0,0.0,0.0,0.0,0.0,0.0
2014,1,5,11.5,3.0,3.0,3,3.0,3.0,3.0,3,3.0,3.0,3.0,3.0,3.0
2013,12,27,11.5,1.0,1.0,1,1.0,1.0,1.0,2,1.0,1.0,1.0,1.0,1.0
2014,4,8,11.5,4.0,4.0,4,4.0,4.0,4.0,4,4.0,4.0,4.0,4.0,4.0
2016,12,10,11.5,2.0,1.0,2,3.0,2.0,2.0,2,2.0,2.0,2.0,2.0,2.0
2015,3,18,11.5,2.0,3.0,2,2.0,2.0,2.0,2,2.0,2.0,2.0,2.0,3.0
2014,8,16,11.5,2.0,2.0,3,2.0,3.0,3.0,2,3.0,3.0,3.0,1.0,2.0
2016,2,11,11.5,3.0,4.0,3,4.0,3.0,4.0,3,3.0,3.0,4.0,4.0,4.0
2014,3,11,11.5,3.0,3.0,3,3.0,4.0,4.0,4,4.0,4.0,4.0,3.0,4.0
2016,3,25,11.5,1.0,0.0,1,0.0,1.0,1.0,1,1.0,1.0,1.0,0.0,1.0
2014,2,21,11.5,5.0,5.0,4,5.0,4.0,5.0,5,5.0,4.0,4.0,5.0,5.0
2016,1,1,11.5,4.0,3.0,4,3.0,4.0,4.0,4,4.0,4.0,4.0,3.0,4.0
2016,9,8,11.5,1.0,1.0,1,1.0,1.0,1.0,1,1.0,1.0,1.0,1.0,1.0
2013,7,8,11.5,3.0,3.0,3,3.0,3.0,3.0,3,3.0,3.0,3.0,3.0,4.0
2013,8,26,11.5,2.0,2.0,3,2.0,2.0,2.0,3,3.0,2.0,2.0,2.0,2.0
2017,2,20,11.5,1.0,0.0,0,0.0,0.0,0.0,0,0.0,1.0,0.0,0.0,1.0
2013,10,22,11.5,3.0,3.0,3,3.0,3.0,3.0,3,3.0,3.0,3.0,3.0,3.0
2016,2,27,11.5,1.0,1.0,1,1.0,1.0,1.0,1,1.0,1.0,1.0,1.0,1.0
2015,3,3,11.5,0.0,0.0,0,0.0,0.0,0.0,0,0.0,0.0,0.0,0.0,0.0
2015,5,1,11.5,3.0,3.0,3,3.0,3.0,3.0,3,3.0,3.0,3.0,3.0,3.0
2016,1,29,11.5,3.0,3.0,2,3.0,2.0,2.0,3,2.0,3.0,3.0,3.0,3.0
2015,3,7,11.5,4.0,4.0,4,4.0,4.0,4.0,4,5.0,4.0,4.0,4.0,4.0
2015,1,15,11.5,5.0,5.0,5,5.0,5.0,5.0,5,5.0,5.0,5.0,5.0,5.0
2015,10,8,11.5,1.0,1.0,0,,0.0,0.0,0,0.0,1.0,0.0,0.0,0.0
2013,7,4,11.5,1.0,1.0,1,1.0,1.0,1.0,1,1.0,1.0,1.0,0.0,1.0
2014,10,9,11.5,5.0,5.0,5,5.0,5.0,5.0,5,5.0,5.0,5.0,5.0,5.0
2015,2,28,11.5,3.0,3.0,3,3.0,3.0,3.0,3,3.0,3.0,3.0,3.0,3.0
2015,9,19,11.5,1.0,0.0,1,1.0,1.0,1.0,1,1.0,1.0,1.0,0.0,1.0
2014,3,9,11.5,3.0,3.0,3,3.0,3.0,3.0,3,3.0,3.0,3.0,3.0,3.0
2013,4,30,11.5,2.0,1.0,1,1.0,1.0,1.0,1,1.0,1.0,1.0,1.0,1.0
2014,2,16,11.5,5.0,5.0,5,5.0,5.0,5.0,5,5.0,5.0,5.0,4.0,5.0
2014,5,3,11.5,2.0,1.0,2,1.0,2.0,2.0,1,2.0,2.0,3.0,1.0,2.0
2016,8,28,11.5,1.0,0.0,0,0.0,1.0,1.0,0,1.0,0.0,0.0,0.0,0.0
2013,10,11,11.5,2.0,1.0,2,1.0,2.0,2.0,2,2.0,2.0,2.0,1.0,1.0
2015,9,28,11.5,2.0,2.0,2,2.0,2.0,2.0,2,2.0,2.0,2.0,1.0,2.0
2015,3,20,11.5,2.0,2.0,2,2.0,2.0,2.0,2,2.0,2.0,2.0,1.0,3.0
2015,8,8,11.5,2.0,1.0,2,1.0,2.0,2.0,2,2.0,2.0,2.0,1.0,1.0
2015,9,25,11.5,1.0,1.0,1,1.0,1.0,1.0,1,1.0,1.0,1.0,0.0,1.0
2015,6,6,11.5,1.0,1.0,1,1.0,1.0,1.0,1,1.0,1.0,1.0,0.0,1.0
2016,12,1,11.5,2.0,1.0,1,1.0,1.0,1.0,1,1.0,2.0,1.0,1.0,1.0
2013,10,26,11.5,3.0,2.0,3,3.0,3.0,3.0,3,3.0,3.0,3.0,2.0,2.0
2013,9,22,11.5,2.0,3.0,3,3.0,3.0,3.0,3,3.0,3.0,3.0,2.0,3.0
2014,1,29,11.5,3.0,3.0,3,3.0,3.0,3.0,3,3.0,3.0,3.0,3.0,3.0
2014,12,22,11.5,3.0,2.0,3,1.0,3.0,3.0,3,3.0,3.0,,1.0,2.0
2016,1,10,11.5,3.0,1.0,3,3.0,2.0,2.0,2,2.0,2.0,2.0,2.0,2.0
2015,10,24,11.5,3.0,2.0,2,2.0,3.0,3.0,2,3.0,2.0,3.0,2.0,3.0
2014,9,18,11.5,2.0,3.0,3,3.0,3.0,3.0,3,3.0,3.0,3.0,2.0,3.0
2016,8,21,11.5,2.0,2.0,3,2.0,2.0,3.0,2,3.0,3.0,2.0,2.0,2.0
2016,8,4,11.5,3.0,3.0,3,3.0,3.0,3.0,3,3.0,3.0,3.0,3.0,3.0
2015,8,6,11.5,3.0,2.0,3,2.0,3.0,2.0,2,3.0,3.0,3.0,2.0,3.0
2014,12,5,11.5,2.0,1.0,1,1.0,1.0,2.0,1,1.0,1.0,1.0,1.0,1.0
2015,1,29,11.5,3.0,3.0,3,3.0,3.0,3.0,3,3.0,3.0,3.0,2.0,3.0
2016,1,17,11.5,2.0,3.0,1,1.0,2.0,2.0,2,2.0,2.0,2.0,2.0,2.0
2015,8,17,11.5,3.0,3.0,3,3.0,3.0,3.0,3,3.0,3.0,3.0,3.0,3.0
2015,3,22,11.5,1.0,1.0,1,1.0,1.0,1.0,1,1.0,1.0,1.0,1.0,1.0
2013,10,28,11.5,5.0,4.0,5,5.0,5.0,5.0,5,5.0,5.0,5.0,4.0,4.0
2013,8,24,11.5,1.0,1.0,1,1.0,1.0,2.0,2,2.0,1.0,1.0,1.0,1.0
2013,7,26,11.5,1.0,2.0,2,2.0,3.0,2.0,3,2.0,2.0,2.0,2.0,2.0
2015,6,15,11.5,3.0,3.0,3,3.0,3.0,3.0,3,3.0,3.0,3.0,3.0,3.0
2015,4,30,11.5,3.0,3.0,3,3.0,3.0,3.0,3,3.0,3.0,3.0,3.0,3.0
2016,3,7,11.5,1.0,1.0,2,1.0,2.0,2.0,1,2.0,2.0,2.0,1.0,2.0
2015,11,15,11.5,4.0,4.0,4,4.0,4.0,4.0,4,4.0,4.0,4.0,4.0,4.0
2014,1,6,11.5,3.0,4.0,3,4.0,3.0,3.0,3,3.0,3.0,3.0,3.0,4.0
2016,6,26,11.5,2.0,2.0,2,1.0,2.0,2.0,2,2.0,,2.0,1.0,2.0
2014,10,2,11.5,3.0,2.0,3,2.0,3.0,3.0,3,3.0,3.0,3.0,1.0,2.0
2013,8,21,11.5,3.0,3.0,3,3.0,3.0,3.0,3,3.0,3.0,3.0,3.0,3.0
2017,2,9,11.5,0.0,0.0,0,0.0,0.0,0.0,0,1.0,0.0,0.0,0.0,0.0
2015,7,11,11.5,3.0,3.0,3,3.0,3.0,3.0,3,3.0,3.0,3.0,3.0,3.0
2014,9,16,11.5,2.0,1.0,2,1.0,2.0,2.0,2,2.0,2.0,2.0,1.0,2.0
2017,1,2,11.5,4.0,4.0,4,4.0,4.0,4.0,4,4.0,5.0,4.0,3.0,4.0
2016,11,30,11.5,3.0,3.0,3,3.0,3.0,3.0,3,3.0,3.0,3.0,3.0,3.0
2014,11,7,11.5,2.0,1.0,2,2.0,2.0,2.0,2,1.0,2.0,2.0,2.0,2.0
2013,11,14,11.5,3.0,3.0,3,3.0,3.0,3.0,3,3.0,3.0,3.0,2.0,3.0
2014,5,15,11.5,3.0,2.0,2,3.0,3.0,3.0,3,2.0,3.0,3.0,3.0,3.0
2013,7,21,11.5,3.0,3.0,3,3.0,3.0,3.0,3,3.0,3.0,3.0,3.0,3.0
2015,1,5,11.5,3.0,3.0,3,3.0,3.0,3.0,3,3.0,3.0,3.0,3.0,3.0
2014,11,21,11.5,4.0,3.0,4,3.0,4.0,4.0,4,4.0,5.0,4.0,3.0,4.0
2016,1,2,11.5,4.0,4.0,5,4.0,5.0,5.0,4,5.0,5.0,5.0,4.0,5.0
2015,1,7,11.5,3.0,2.0,3,3.0,3.0,3.0,3,3.0,3.0,2.0,2.0,2.0
2016,6,30,11.5,3.0,1.0,3,2.0,3.0,3.0,3,3.0,3.0,2.0,2.0,2.0
2015,1,13,11.5,3.0,3.0,4,4.0,4.0,4.0,4,4.0,4.0,4.0,3.0,4.0
2017,2,26,11.5,1.0,1.0,1,1.0,1.0,1.0,1,1.0,1.0,1.0,1.0,1.0
2017,2,12,11.5,3.0,2.0,3,3.0,3.0,4.0,3,3.0,3.0,3.0,3.0,3.0
2016,8,16,11.5,1.0,1.0,1,1.0,1.0,1.0,1,1.0,1.0,1.0,1.0,1.0
2015,6,2,11.5,1.0,1.0,1,1.0,1.0,2.0,2,1.0,1.0,1.0,1.0,1.0
2015,12,14,11.5,4.0,4.0,4,3.0,4.0,4.0,3,3.0,4.0,3.0,3.0,4.0
2014,10,14,11.5,2.0,1.0,2,2.0,2.0,2.0,2,2.0,2.0,2.0,1.0,2.0
2015,7,28,11.5,2.0,1.0,3,2.0,3.0,2.0,2,3.0,3.0,2.0,1.0,2.0
2016,2,16,11.5,0.0,0.0,0,0.0,0.0,0.0,0,0.0,0.0,0.0,0.0,0.0
2013,5,4,11.5,3.0,3.0,3,3.0,3.0,3.0,3,3.0,3.0,3.0,3.0,3.0
2016,8,30,11.5,1.0,1.0,1,1.0,1.0,1.0,1,1.0,1.0,1.0,1.0,1.0
2015,11,17,11.5,3.0,3.0,2,3.0,3.0,2.0,3,3.0,3.0,3.0,3.0,3.0
2013,4,27,11.5,3.0,3.0,3,3.0,3.0,2.0,3,3.0,3.0,3.0,2.0,3.0
2015,5,14,11.5,1.0,1.0,1,1.0,1.0,1.0,1,1.0,1.0,1.0,1.0,1.0
2016,8,9,11.5,2.0,2.0,2,2.0,2.0,2.0,2,2.0,2.0,2.0,2.0,2.0
2013,3,31,11.5,4.0,4.0,4,3.0,4.0,4.0,4,4.0,4.0,4.0,3.0,3.0
2017,1,9,11.5,2.0,1.0,2,1.0,2.0,2.0,1,2.0,2.0,1.0,1.0,1.0
2016,4,15,11.5,3.0,2.0,3,2.0,3.0,3.0,2,3.0,3.0,3.0,2.0,3.0
2015,9,29,11.5,2.0,1.0,2,2.0,2.0,2.0,2,2.0,2.0,2.0,1.0,2.0
2015,9,5,11.5,1.0,1.0,1,1.0,1.0,1.0,1,1.0,1.0,1.0,0.0,1.0
2014,2,10,11.5,1.0,1.0,1,1.0,1.0,1.0,1,1.0,1.0,1.0,1.0,1.0
2014,8,9,11.5,3.0,3.0,3,3.0,3.0,3.0,3,3.0,3.0,3.0,3.0,3.0
2015,7,30,11.5,2.0,1.0,1,2.0,2.0,2.0,2,2.0,2.0,2.0,1.0,1.0
2015,9,16,11.5,3.0,3.0,3,3.0,3.0,3.0,3,3.0,3.0,3.0,3.0,3.0
2017,1,29,11.5,2.0,2.0,2,1.0,2.0,2.0,1,2.0,2.0,2.0,1.0,2.0
2015,4,2,11.5,2.0,1.0,2,1.0,1.0,2.0,1,2.0,1.0,1.0,1.0,2.0
2013,4,26,11.5,3.0,2.0,3,2.0,3.0,2.0,3,3.0,3.0,3.0,2.0,2.0
2016,9,1,11.5,0.0,0.0,0,0.0,0.0,0.0,0,0.0,0.0,0.0,0.0,0.0
2016,2,28,11.5,1.0,1.0,1,1.0,1.0,1.0,1,1.0,1.0,2.0,1.0,2.0
2014,5,26,11.5,1.0,1.0,1,1.0,1.0,1.0,1,1.0,1.0,1.0,1.0,1.0
2016,9,22,11.5,3.0,3.0,3,3.0,3.0,3.0,3,3.0,3.0,3.0,3.0,3.0
2013,7,10,11.5,1.0,1.0,1,1.0,1.0,1.0,1,1.0,1.0,1.0,1.0,
2015,10,25,11.5,2.0,3.0,1,2.0,1.0,1.0,1,1.0,1.0,1.0,1.0,3.0
2016,12,11,11.5,3.0,3.0,4,3.0,4.0,4.0,3,4.0,4.0,4.0,3.0,4.0
2014,4,30,11.5,3.0,3.0,3,3.0,3.0,3.0,3,3.0,3.0,3.0,3.0,3.0
2014,4,16,11.5,3.0,2.0,2,3.0,2.0,2.0,2,2.0,2.0,3.0,3.0,3.0
2013,8,3,11.5,1.0,1.0,1,1.0,1.0,1.0,1,1.0,1.0,1.0,1.0,2.0
2015,4,19,11.5,3.0,3.0,3,2.0,3.0,3.0,3,3.0,3.0,3.0,1.0,2.0
2017,1,10,11.5,2.0,0.0,1,1.0,1.0,1.0,1,1.0,2.0,1.0,0.0,1.0
2015,3,1,11.5,2.0,3.0,2,1.0,2.0,2.0,1,2.0,2.0,1.0,1.0,3.0
2013,3,18,11.5,3.0,3.0,3,2.0,3.0,3.0,3,3.0,3.0,3.0,1.0,3.0
2014,11,14,11.5,2.0,1.0,1,1.0,1.0,2.0,2,1.0,2.0,1.0,1.0,1.0
2014,3,24,11.5,4.0,4.0,4,4.0,4.0,4.0,4,4.0,4.0,4.0,4.0,4.0
2013,5,8,11.5,4.0,,3,4.0,3.0,3.0,4,3.0,3.0,3.0,4.0,3.0
2015,5,25,11.5,3.0,3.0,3,3.0,3.0,3.0,3,3.0,3.0,3.0,3.0,3.0
2016,10,27,11.5,1.0,1.0,1,1.0,1.0,1.0,1,1.0,1.0,1.0,1.0,1.0
2014,3,17,11.5,3.0,3.0,3,2.0,3.0,3.0,3,3.0,3.0,3.0,3.0,3.0
2014,5,14,11.5,1.0,1.0,1,1.0,1.0,1.0,1,1.0,1.0,1.0,1.0,1.0
2017,2,18,11.5,3.0,3.0,3,3.0,3.0,3.0,3,3.0,3.0,3.0,3.0,3.0
2014,7,31,11.5,4.0,4.0,4,4.0,4.0,4.0,4,4.0,4.0,4.0,4.0,4.0
2014,12,16,11.5,0.0,0.0,0,0.0,0.0,0.0,0,0.0,0.0,0.0,0.0,0.0
2015,9,11,11.5,0.0,0.0,0,0.0,0.0,0.0,0,0.0,0.0,0.0,0.0,0.0
2014,7,18,11.5,4.0,4.0,3,4.0,3.0,3.0,4,3.0,3.0,3.0,4.0,4.0
2017,1,1,11.5,5.0,5.0,5,5.0,5.0,5.0,5,5.0,5.0,5.0,5.0,5.0
2015,5,28,11.5,3.0,3.0,3,3.0,3.0,3.0,3,3.0,3.0,3.0,3.0,3.0
2016,1,16,11.5,3.0,3.0,3,3.0,3.0,3.0,3,3.0,3.0,3.0,3.0,3.0
2014,6,30,11.5,3.0,3.0,3,3.0,3.0,3.0,3,3.0,3.0,3.0,3.0,3.0
2013,12,17,11.5,3.0,3.0,3,2.0,3.0,3.0,3,3.0,3.0,3.0,2.0,2.0
2016,6,8,11.5,3.0,3.0,3,3.0,3.0,3.0,3,3.0,4.0,3.0,3.0,3.0
2014,5,21,11.5,3.0,3.0,3,3.0,3.0,3.0,3,3.0,3.0,3.0,3.0,3.0
2015,5,8,11.5,2.0,1.0,3,1.0,1.0,2.0,2,2.0,3.0,2.0,1.0,1.0
2015,9,20,11.5,3.0,3.0,3,3.0,3.0,3.0,3,3.0,3.0,3.0,3.0,3.0
2016,7,31,11.5,3.0,1.0,3,2.0,3.0,3.0,2,3.0,3.0,2.0,2.0,2.0
2016,9,20,11.5,1.0,1.0,1,1.0,1.0,1.0,1,1.0,1.0,1.0,0.0,1.0
2014,2,6,11.5,3.0,3.0,3,3.0,3.0,3.0,3,3.0,3.0,3.0,3.0,3.0
2015,12,24,11.5,3.0,4.0,4,3.0,3.0,3.0,3,3.0,5.0,3.0,2.0,4.0
2014,10,12,11.5,0.0,0.0,0,0.0,0.0,0.0,0,0.0,0.0,0.0,0.0,0.0
2016,10,24,11.5,3.0,2.0,3,2.0,3.0,3.0,2,3.0,3.0,3.0,2.0,3.0
2016,10,15,11.5,4.0,4.0,4,4.0,4.0,4.0,4,4.0,4.0,4.0,4.0,3.0
2016,1,25,11.5,2.0,1.0,2,1.0,1.0,1.0,1,1.0,2.0,1.0,1.0,1.0
2016,11,24,11.5,3.0,2.0,3,2.0,3.0,3.0,3,3.0,3.0,3.0,2.0,3.0
2013,8,12,11.5,2.0,3.0,2,3.0,2.0,3.0,2,2.0,2.0,2.0,2.0,2.0
2015,6,12,11.5,0.0,0.0,0,0.0,0.0,0.0,0,0.0,0.0,0.0,0.0,0.0
2013,6,1,11.5,3.0,3.0,3,3.0,3.0,3.0,3,3.0,3.0,3.0,2.0,3.0
2013,9,14,11.5,2.0,1.0,3,1.0,2.0,3.0,2,3.0,2.0,2.0,1.0,2.0
2014,7,23,11.5,2.0,1.0,1,1.0,1.0,1.0,1,1.0,1.0,1.0,1.0,1.0
2014,9,11,11.5,3.0,3.0,3,3.0,3.0,3.0,3,3.0,3.0,3.0,3.0,3.0
2015,4,27,11.5,3.0,3.0,3,3.0,3.0,3.0,3,3.0,3.0,3.0,3.0,3.0
2016,10,3,11.5,4.0,3.0,3,3.0,3.0,3.0,3,3.0,3.0,3.0,3.0,3.0
2014,2,7,11.5,3.0,3.0,3,3.0,3.0,3.0,3,3.0,3.0,3.0,3.0,3.0
2013,6,10,11.5,1.0,1.0,1,0.0,1.0,1.0,1,1.0,1.0,1.0,1.0,1.0
2014,5,2,11.5,1.0,1.0,1,1.0,1.0,1.0,1,1.0,1.0,2.0,1.0,1.0
2014,1,3,11.5,2.0,2.0,2,2.0,2.0,2.0,2,2.0,3.0,2.0,2.0,3.0
2015,4,17,11.5,3.0,3.0,3,2.0,3.0,3.0,3,3.0,3.0,3.0,2.0,3.0
2015,1,31,11.5,2.0,1.0,1,1.0,1.0,1.0,1,1.0,1.0,1.0,1.0,1.0
2014,3,21,11.5,1.0,1.0,1,1.0,1.0,1.0,1,1.0,1.0,1.0,1.0,1.0
2013,9,28,11.5,5.0,4.0,4,5.0,5.0,4.0,5,4.0,1.0,4.0,5.0,4.0
2016,2,3,11.5,2.0,1.0,2,2.0,1.0,1.0,2,1.0,2.0,1.0,1.0,1.0
2015,6,5,11.5,2.0,2.0,2,2.0,2.0,3.0,2,2.0,2.0,2.0,1.0,3.0
2015,2,3,11.5,3.0,3.0,3,3.0,3.0,3.0,3,3.0,3.0,3.0,3.0,3.0
2015,5,21,11.5,3.0,1.0,2,1.0,1.0,1.0,2,1.0,1.0,2.0,1.0,2.0
2016,6,23,11.5,3.0,3.0,3,3.0,3.0,3.0,3,3.0,3.0,3.0,2.0,3.0
2016,4,26,11.5,3.0,3.0,3,3.0,3.0,3.0,3,3.0,3.0,3.0,3.0,3.0
2015,3,11,11.5,1.0,1.0,2,1.0,2.0,2.0,2,2.0,2.0,2.0,1.0,2.0
2014,8,31,11.5,3.0,2.0,3,1.0,3.0,3.0,3,3.0,3.0,3.0,1.0,3.0
2015,2,10,11.5,3.0,3.0,3,3.0,3.0,4.0,3,4.0,3.0,3.0,3.0,3.0
2013,5,2,11.5,3.0,3.0,3,3.0,3.0,3.0,3,3.0,3.0,3.0,3.0,3.0
2016,6,11,11.5,1.0,0.0,0,0.0,1.0,0.0,0,0.0,1.0,0.0,0.0,0.0
2013,5,31,11.5,3.0,3.0,3,3.0,3.0,3.0,3,3.0,3.0,3.0,3.0,3.0
2016,5,20,11.5,3.0,3.0,3,3.0,3.0,3.0,3,3.0,3.0,3.0,3.0,3.0
2013,8,4,11.5,3.0,3.0,3,1.0,3.0,3.0,3,3.0,3.0,3.0,1.0,3.0
2013,4,21,11.5,3.0,3.0,3,3.0,3.0,3.0,3,3.0,3.0,3.0,3.0,3.0
2014,10,5,11.5,1.0,1.0,1,1.0,2.0,1.0,1,1.0,1.0,1.0,1.0,1.0
2016,5,7,11.5,1.0,1.0,1,1.0,1.0,1.0,1,1.0,1.0,1.0,0.0,1.0
2015,12,20,11.5,4.0,4.0,4,4.0,4.0,4.0,4,4.0,4.0,4.0,4.0,4.0
2016,7,28,11.5,2.0,1.0,2,1.0,2.0,2.0,2,,2.0,2.0,1.0,2.0
2016,3,22,11.5,3.0,3.0,3,3.0,3.0,3.0,3,3.0,3.0,3.0,3.0,3.0
2013,3,1,11.5,0.0,0.0,0,0.0,0.0,0.0,0,0.0,0.0,0.0,0.0,0.0
2013,7,9,11.5,1.0,3.0,3,3.0,3.0,3.0,3,3.0,3.0,3.0,3.0,1.0
2015,6,14,11.5,1.0,1.0,1,1.0,1.0,1.0,1,1.0,1.0,1.0,0.0,1.0
2015,11,18,11.5,3.0,3.0,3,3.0,3.0,3.0,3,3.0,3.0,3.0,3.0,3.0
2015,10,29,11.5,0.0,0.0,0,0.0,0.0,0.0,0,0.0,0.0,0.0,0.0,0.0
2014,3,7,11.5,3.0,2.0,2,1.0,2.0,2.0,2,2.0,2.0,2.0,1.0,2.0
2014,9,24,11.5,2.0,1.0,1,1.0,1.0,1.0,1,1.0,2.0,1.0,1.0,1.0
2013,3,27,11.5,3.0,3.0,3,3.0,3.0,3.0,3,3.0,3.0,3.0,3.0,3.0
2016,4,3,11.5,1.0,1.0,1,1.0,1.0,1.0,1,1.0,1.0,1.0,1.0,1.0
2014,4,19,11.5,3.0,3.0,3,3.0,3.0,2.0,3,3.0,3.0,3.0,3.0,3.0
2013,5,19,11.5,3.0,2.0,3,2.0,2.0,2.0,3,3.0,2.0,3.0,2.0,3.0
2016,5,15,11.5,2.0,1.0,1,1.0,2.0,1.0,2,2.0,2.0,2.0,1.0,1.0
2014,8,1,11.5,4.0,3.0,3,4.0,3.0,3.0,4,4.0,3.0,4.0,4.0,3.0
2014,7,21,11.5,1.0,1.0,1,1.0,1.0,1.0,1,1.0,1.0,1.0,1.0,1.0
2015,12,18,11.5,3.0,2.0,3,2.0,3.0,3.0,3,3.0,3.0,3.0,1.0,2.0
2014,1,15,11.5,4.0,3.0,4,3.0,4.0,4.0,4,4.0,4.0,4.0,3.0,3.0
2015,9,24,11.5,3.0,3.0,3,3.0,3.0,3.0,3,3.0,3.0,3.0,3.0,3.0
2016,4,4,11.5,3.0,3.0,3,2.0,3.0,3.0,3,3.0,3.0,3.0,2.0,3.0
2014,2,5,11.5,3.0,3.0,3,3.0,3.0,3.0,3,3.0,3.0,3.0,3.0,3.0
2015,5,9,11.5,2.0,2.0,1,2.0,1.0,2.0,2,1.0,2.0,2.0,2.0,2.0
2017,1,27,11.5,3.0,3.0,3,2.0,3.0,3.0,3,3.0,3.0,3.0,2.0,3.0
2016,5,2,11.5,2.0,2.0,2,2.0,3.0,2.0,2,3.0,2.0,2.0,2.0,
2013,10,5,11.5,5.0,4.0,5,5.0,5.0,5.0,5,5.0,5.0,5.0,5.0,4.0
2013,8,2,11.5,3.0,2.0,3,2.0,3.0,3.0,3,3.0,3.0,3.0,2.0,3.0
2014,10,25,11.5,5.0,5.0,5,5.0,5.0,5.0,5,5.0,5.0,5.0,5.0,5.0
2016,5,31,11.5,3.0,3.0,2,3.0,2.0,2.0,2,2.0,2.0,2.0,3.0,3.0
2015,10,31,11.5,2.0,1.0,2,2.0,2.0,2.0,2,2.0,2.0,2.0,1.0,1.0
2014,3,3,11.5,4.0,4.0,4,4.0,4.0,4.0,4,4.0,4.0,4.0,4.0,4.0
2013,5,11,11.5,1.0,,2,1.0,3.0,2.0,2,2.0,2.0,2.0,1.0,1.0
2016,8,26,11.5,0.0,0.0,0,0.0,1.0,0.0,0,1.0,0.0,0.0,0.0,0.0
2013,6,4,11.5,4.0,3.0,3,3.0,3.0,3.0,3,3.0,3.0,3.0,3.0,3.0
2016,9,3,11.5,1.0,1.0,1,1.0,1.0,1.0,1,1.0,1.0,1.0,0.0,1.0
2016,5,1,11.5,4.0,4.0,4,4.0,4.0,4.0,4,4.0,4.0,4.0,4.0,4.0
2016,9,23,11.5,3.0,3.0,3,3.0,3.0,3.0,3,3.0,3.0,3.0,3.0,3.0
2017,2,25,11.5,0.0,1.0,0,1.0,0.0,0.0,0,0.0,0.0,0.0,1.0,1.0
2013,10,16,11.5,2.0,1.0,2,2.0,2.0,2.0,3,2.0,2.0,2.0,1.0,2.0
2013,5,10,11.5,1.0,,2,2.0,2.0,2.0,2,2.0,2.0,2.0,1.0,2.0
2013,7,11,11.5,2.0,1.0,2,1.0,2.0,2.0,2,2.0,2.0,1.0,1.0,
2016,10,4,11.5,2.0,2.0,1,1.0,2.0,1.0,1,1.0,1.0,1.0,1.0,2.0
2013,6,18,11.5,2.0,2.0,2,1.0,2.0,2.0,2,2.0,2.0,2.0,1.0,3.0
